Diff. from home mean time,Fraction of days visited,Fraction of time spent at loc.,Span of days visited,species
1.24892447748,1.0,1.0,0.5,Other
8.5,1.0,1.0,0.0104166666667,Dorm
1.64909869033,0.581395348837,0.335258704849,128.041666667,Dorm
8.05947320748,0.0285714285714,0.0013406822583,69.9270833333,Campus
10.6163064105,0.233333333333,0.0213751335946,29.2395833333,Campus
10.3071150168,0.172413793103,0.00705532862978,28.0520833333,Campus
1.15278631468,1.0,0.481481481481,0.5625,Other
5.11988235834,1.0,0.173333333333,1.5625,Other
3.58485511959,0.0671641791045,0.0281027714075,267.989583333,Dorm
9.05781867138,0.115853658537,0.0178742419406,163.177083333,Campus
11.4022429117,0.05,0.00465624554568,219.239583333,Campus
1.36944160961,0.265560165975,0.198383192115,240.958333333,Dorm
5.24892447748,1.0,0.96,0.260416666667,Dorm
8.36673507819,1.0,1.0,0.15625,Other
7.31248488122,0.119565217391,0.0147378041814,91.1770833333,Campus
10.9729421727,0.09726443769,0.00218492716909,328.958333333,Campus
10.8962097168,0.3125,0.0701381509033,127.427083333,Campus
1.99234747588,0.478787878788,0.432452925566,329.708333333,Dorm
6.79178304593,0.0340909090909,0.00324174738091,263.489583333,Dorm
3.74646172441,0.0280373831776,0.00262978474725,213.895833333,Dorm
7.37832824615,1.0,1.0,0.260416666667,Dorm
5.39464830388,0.0174672489083,0.00205526375885,228.072916667,Dorm
9.27142267475,0.105263157895,0.00776053215078,18.7916666667,Dorm
0.363525695228,0.350806451613,0.281267090152,247.614583333,Dorm
4.5,0.0307692307692,0.00323206205559,64.4583333333,Dorm
9.82999267899,0.0454545454545,0.00444444444444,131.25,Other
4.50255409016,0.0487804878049,0.00778210116732,40.15625,Other
7.23083743552,0.0526315789474,0.00556999628667,56.1041666667,Dorm
2.11621561071,0.0634920634921,0.00578895137281,62.9791666667,Dorm
6.86869871145,1.0,1.0,0.197916666667,Dorm
5.68402494406,0.038961038961,0.00833902939166,76.1979166667,Dorm
8.17435676322,0.0865051903114,0.00753506147024,288.927083333,Campus
1.29833766778,1.0,1.0,0.104166666667,Dorm
5.91220872929,0.0526315789474,0.00708333333333,75.0,Dorm
7.96867906557,0.05,0.00499474237645,39.625,Other
2.22044604925e-16,0.4,0.00501253132832,4.15625,Other
11.7273962358,0.428571428571,0.0456245325355,13.9270833333,Campus
11.0270063431,0.0916666666667,0.00130457470864,119.770833333,Campus
2.33147562164,1.0,0.8,0.15625,Other
8.92643039789,0.0961538461538,0.0102183931076,51.9895833333,Campus
10.5573702956,0.452380952381,0.106231231231,83.25,Other
7.67547965609,1.0,0.025,1.25,Other
0.442800721511,0.131313131313,0.65877628659,98.5729166667,Dorm
2.09011546674,0.350453172205,0.568479530318,330.010416667,Dorm
9.66560655319,0.0540540540541,0.00173360300491,36.0520833333,Campus
11.4668964171,0.226993865031,0.039201870416,325.239583333,Campus
11.0169339575,0.0285714285714,0.00280767430978,244.864583333,Dorm
9.89850490521,1.0,1.0,0.15625,Other
7.47676872046,1.0,0.517647058824,0.885416666667,Dorm
6.61188019144,1.0,0.533333333333,0.15625,Other
4.0,1.0,1.0,0.354166666667,Dorm
5.86348746345,1.0,1.0,0.114583333333,Dorm
3.59695763003,0.0847457627119,0.0436728118847,58.1979166667,Dorm
0.370382066797,1.0,0.416666666667,1.625,Other
9.5,1.0,1.0,0.0104166666667,Dorm
8.57118944464,0.130434782609,0.00960329255745,91.1145833333,Campus
10.3625699336,0.025641025641,0.00432140445645,77.1354166667,Dorm
8.63326492181,1.0,1.0,0.15625,Other
5.82690165123,0.0084388185654,0.000836893802581,236.489583333,Dorm
9.10149509479,1.0,1.0,0.15625,Other
9.97421257778,0.117647058824,0.0122056466527,84.4895833333,Campus
7.39024823852,0.0574324324324,0.0436562555144,295.15625,Other
8.1600014608,0.0192307692308,0.0005359056806,155.5,Other
4.85918747772,1.0,0.934426229508,0.635416666667,Dorm
7.89143927142,0.5,0.0878148400272,15.3020833333,Campus
1.64874182623,0.522807017544,0.323872572327,284.802083333,Dorm
2.52189478327,0.375,0.157007203667,63.625,Other
9.7487815855,0.36036036036,0.0613518088908,332.270833333,Campus
0.135476349425,0.0255474452555,0.00297460147967,273.145833333,Dorm
6.36827811591,0.014598540146,0.00179238807109,273.145833333,Campus
10.5,1.0,1.0,0.0104166666667,Dorm
6.89850490521,1.0,1.0,0.15625,Other
7.38068158864,0.015037593985,0.00189170016552,132.15625,Other
9.84480097004,0.201863354037,0.0450286899861,321.322916667,Dorm
2.09219810126,0.157894736842,0.04606552305,303.010416667,Dorm
8.83278787821,0.103225806452,0.0135408245756,309.25,Other
6.7140405045,0.0817610062893,0.0216561348078,158.25,Other
9.06894704285,1.0,0.408333333333,1.25,Other
10.3903416498,0.529411764706,0.161622665808,16.1770833333,Campus
11.0188299203,0.6,0.230560087004,19.15625,Other
1.70816893508,0.281690140845,0.333659826632,212.697916667,Dorm
5.61890010434,1.0,1.0,0.177083333333,Dorm
7.80801906355,0.333333333333,0.0240480961924,5.19791666667,Dorm
2.10149509479,1.0,1.0,0.15625,Other
9.9465061175,0.354430379747,0.113097602966,78.65625,Other
4.10149509479,1.0,1.0,0.15625,Other
6.63326492181,1.0,1.0,0.15625,Other
4.10149509479,1.0,1.0,0.15625,Other
6.10149509479,1.0,1.0,0.15625,Other
7.96006252215,1.0,0.866666666667,0.15625,Other
0.298166158153,0.444078947368,0.418061810306,303.010416667,Dorm
9.74892447748,0.111111111111,0.00118870728083,35.0520833333,Campus
1.52637478688,0.582582582583,0.423712889891,332.625,Other
9.93468032296,0.316265060241,0.0784874583517,331.395833333,Campus
11.8432046123,0.121212121212,0.0123256568278,32.1145833333,Campus
10.1196154745,0.352490421456,0.0672618809305,260.177083333,Campus
11.7436544698,0.51724137931,0.0632162661738,28.1770833333,Campus
1.02714135117,0.216783216783,0.206870145498,285.65625,Other
10.681733167,0.201863354037,0.0276868212028,321.302083333,Campus
10.4601235024,0.0131578947368,0.000411649686117,303.65625,Other
5.63792795078,0.717647058824,0.142015465816,84.8645833333,Campus
8.71292757594,1.0,0.216666666667,0.625,Other
0.863487463454,1.0,1.0,0.114583333333,Dorm
8.07183088831,1.0,1.0,0.0729166666667,Dorm
3.0,1.0,1.0,0.0416666666667,Dorm
6.0,1.0,1.0,0.166666666667,Dorm
9.5,1.0,1.0,0.0104166666667,Dorm
6.63680863232,0.0277777777778,0.00526932084309,71.1666666667,Dorm
6.24892447748,1.0,1.0,0.166666666667,Dorm
9.08743843976,0.492647058824,0.105194305502,135.364583333,Campus
11.1745140963,0.0583333333333,0.00596508033265,239.239583333,Campus
11.1295091146,0.140127388535,0.0217268529285,313.552083333,Campus
10.5902869934,0.0127388535032,0.0017310252996,156.458333333,Campus
11.1256735081,0.025,0.00105429625725,79.0416666667,Dorm
8.58172635457,0.0952380952381,0.00459228000496,83.9270833333,Campus
11.6492732496,0.0936454849498,0.00576358809557,298.208333333,Campus
11.7473202629,0.33033033033,0.0596991538703,332.395833333,Campus
11.5751846952,1.0,0.193236714976,2.15625,Other
10.1281248557,0.393939393939,0.047264486889,32.1770833333,Campus
11.8646396704,0.11214953271,0.0112739205302,320.614583333,Campus
0.735414789625,0.272727272727,0.237201365188,329.625,Other
6.19506845262,0.176470588235,0.015769372921,84.5520833333,Campus
11.2800613005,0.0301507537688,0.000420543552542,198.15625,Other
5.13468923269,0.0141342756184,0.00273193782996,282.15625,Other
2.74120295931,0.214285714286,0.694767159639,321.885416667,Dorm
9.97882685822,0.310240963855,0.0466926070039,331.958333333,Campus
1.9137348742,0.0121212121212,0.000633232016211,164.5,Other
7.30219791019,0.147540983607,0.0156565829593,304.052083333,Campus
10.8284532044,0.015444015444,0.000242101440504,258.15625,Other
11.7787531314,0.3003003003,0.0529336134717,332.177083333,Campus
0.131028519183,0.5,1.0,1.65625,Other
10.8473490157,1.0,0.0466666666667,1.5625,Other
8.66943971014,0.0361445783133,0.00201595968081,248.020833333,Campus
11.7489244775,1.0,1.0,0.0416666666667,Dorm
11.3013796916,0.0470588235294,0.00429605989935,84.8645833333,Campus
11.691882552,0.142857142857,0.0265486725664,27.0729166667,Dorm
0.312504091006,0.527272727273,0.278533898842,164.552083333,Dorm
0.721369692082,0.0291262135922,0.00862506341958,102.65625,Other
4.60125352703,1.0,0.909090909091,0.114583333333,Dorm
2.67547965609,0.047619047619,0.000502008032129,62.25,Other
1.14904068782,1.0,0.703703703704,0.5625,Other
7.92816911169,1.0,1.0,0.0729166666667,Dorm
5.63326492181,1.0,1.0,0.15625,Other
2.37666841307,1.0,1.0,0.65625,Other
2.68401487526,0.335849056604,0.206857142857,264.322916667,Dorm
5.36570877085,0.132295719844,0.0171061720369,256.364583333,Campus
11.8724048043,0.12,0.00465509944985,24.6145833333,Campus
1.44011655596,0.0185185185185,0.00996902826171,107.625,Other
6.21071537451,0.2,0.0180383314543,9.23958333333,Dorm
3.0126242986,0.0666666666667,0.0154454022989,29.0,Dorm
8.43961990982,0.0769230769231,0.0245599672534,25.4479166667,Dorm
5.74194982277,0.227941176471,0.042957042957,135.552083333,Campus
0.339407414132,0.166666666667,0.045,35.4166666667,Dorm
9.5,1.0,1.0,0.0104166666667,Dorm
5.42920791507,0.0246913580247,0.0045231325924,80.6041666667,Dorm
8.2656193695,0.0641025641026,0.00405241118465,77.1145833333,Campus
11.5,1.0,1.0,0.0104166666667,Dorm
8.42860400329,0.14,0.00998725031874,49.0208333333,Campus
11.7637000287,0.454545454545,0.0516717325228,65.1145833333,Campus
10.3803790556,0.038961038961,0.0072602739726,76.0416666667,Dorm
6.0,0.285714285714,0.00298062593145,6.98958333333,Campus
0.898816983978,0.64,0.413858069918,49.7604166667,Dorm
8.77995314064,0.0857142857143,0.00549618320611,34.1145833333,Campus
11.1209343974,0.0170212765957,0.0085413052182,234.15625,Other
9.36673507819,1.0,1.0,0.15625,Other
7.52407956032,0.0206896551724,0.000360620266859,144.427083333,Campus
11.2605816933,0.205357142857,0.0457516339869,111.5625,Other
0.518106095338,1.0,0.760233918129,3.5625,Other
9.72827216833,0.159663865546,0.0465647513618,118.5625,Other
0.0915689592552,0.0625,0.00773060796646,79.5,Other
0.101495094793,1.0,1.0,0.15625,Other
11.6277918609,0.0289855072464,0.00128748863981,275.083333333,Dorm
9.26761070649,0.0946372239748,0.00608112550128,316.895833333,Campus
10.1014950948,1.0,1.0,0.15625,Other
9.67994343531,0.273684210526,0.0401810354344,94.3645833333,Campus
11.4080256024,0.388157894737,0.070572019297,151.145833333,Campus
11.3185463644,0.316666666667,0.0521035029044,59.1770833333,Campus
8.25326401254,0.00947867298578,0.000793217986218,210.114583333,Campus
10.8653107673,0.181818181818,0.00307062436029,10.1770833333,Campus
11.5472597311,0.0148148148148,0.000270405995287,269.65625,Other
9.26424795606,0.121621621622,0.00498646530845,73.1145833333,Campus
12.0,0.00869565217391,9.07276356378e-05,229.625,Other
0.828739505537,0.492592592593,0.356952439825,269.614583333,Dorm
7.37640208207,0.0555555555556,0.00165321404259,107.114583333,Dorm
3.11238241845,0.0408163265306,0.00778715120052,48.15625,Other
4.5,1.0,1.0,0.0416666666667,Dorm
9.74521271157,0.0470588235294,0.00171652770966,84.9583333333,Dorm
0.0965586704925,0.53313253012,0.443066197714,331.708333333,Dorm
1.59781157323,0.0129032258065,0.00142026241039,154.020833333,Dorm
5.17991495028,0.0276073619632,0.00714194209582,325.25,Other
6.78192208383,0.0314465408805,0.00454755157187,158.052083333,Campus
1.5,1.0,1.0,0.0104166666667,Dorm
6.68030664046,0.0219435736677,0.00258541693939,318.291666667,Dorm
4.35783200912,0.0234899328859,0.00557112824107,297.291666667,Dorm
5.9026669332,0.021186440678,0.000973279065652,235.458333333,Campus
10.2359098102,1.0,0.533333333333,0.15625,Other
8.36673507819,1.0,1.0,0.15625,Other
5.82984904695,1.0,0.6,0.15625,Other
11.8156580329,0.162601626016,0.00577985550361,122.552083333,Campus
10.8252578266,0.264900662252,0.0479083252796,150.895833333,Campus
6.0,1.0,1.0,0.166666666667,Dorm
2.81344016325,1.0,0.941176470588,0.177083333333,Dorm
8.60016254864,0.0769230769231,0.00894793926247,38.4166666667,Dorm
9.89850490521,1.0,1.0,0.15625,Other
10.0800007695,0.0440251572327,0.00791409431236,317.208333333,Campus
10.5,1.0,1.0,0.0104166666667,Dorm
8.20658541667,0.0133333333333,0.000348250043531,299.114583333,Campus
11.7254420807,1.0,0.6,0.15625,Other
3.5,1.0,1.0,0.625,Other
11.9796213593,0.233333333333,0.0702760846181,29.0520833333,Campus
10.1237651261,0.130434782609,0.00732433051041,91.0208333333,Campus
11.425322937,0.416666666667,0.0467248908297,119.270833333,Campus
10.7207520217,0.106557377049,0.0102572869476,121.864583333,Campus
10.5,1.0,1.0,0.0104166666667,Dorm
6.47849951776,0.0281124497992,0.00239154149534,248.270833333,Dorm
8.32507414393,0.0978260869565,0.0061735452155,91.1145833333,Campus
1.11719682869,1.0,0.705128205128,1.625,Other
4.89511094044,1.0,0.0793650793651,2.625,Other
2.64687245009,0.0188679245283,0.0109651289144,105.447916667,Dorm
10.5,1.0,1.0,0.0104166666667,Dorm
9.17139876868,0.360927152318,0.0537597234226,301.302083333,Campus
1.29209109922,0.598039215686,0.544585225914,305.010416667,Dorm
2.92816911169,1.0,1.0,0.0729166666667,Dorm
6.07545322766,0.0839416058394,0.0142073588786,273.479166667,Dorm
8.81432009861,0.666666666667,0.085409252669,2.92708333333,Campus
1.0068910719,0.523076923077,0.36949544229,324.541666667,Dorm
8.41222126819,0.0263157894737,0.00110741971207,75.25,Other
4.43553353738,0.0467289719626,0.00253732799844,106.739583333,Dorm
6.01092594678,0.0334448160535,0.00491751822272,298.677083333,Dorm
0.342556817377,0.486486486486,0.397121083827,332.15625,Other
9.0193039531,0.164473684211,0.0149192162255,303.020833333,Campus
11.3667350782,1.0,1.0,0.15625,Other
3.48308678761,0.0272108843537,0.00463259924453,146.15625,Other
2.33202708386,0.0845070422535,0.0170471390454,70.2708333333,Dorm
5.32914487272,1.0,0.521739130435,0.239583333333,Dorm
7.08542810578,0.147058823529,0.0131950989632,33.15625,Other
9.07359203399,0.111842105263,0.0115763800625,303.239583333,Campus
10.2137617786,0.312312312312,0.0575519283186,332.489583333,Campus
7.73278627213,0.135483870968,0.0168930333131,154.15625,Other
9.8750966478,0.0888888888889,0.00549663234497,134.552083333,Campus
1.40057029719,1.0,0.954545454545,0.229166666667,Dorm
10.5105342074,0.378378378378,0.100689439047,332.395833333,Campus
8.5,0.0769230769231,0.0138248847926,38.4270833333,Dorm
5.17965765387,0.0520833333333,0.00787487695505,95.2395833333,Dorm
4.5,1.0,1.0,0.0416666666667,Dorm
7.17627546159,0.0769230769231,0.00562851782364,38.8645833333,Dorm
6.60460171251,0.0694444444444,0.00760456273764,71.2291666667,Dorm
9.68542836166,0.0962962962963,0.00543942808299,134.052083333,Campus
11.8217930671,0.308270676692,0.0843639228043,132.239583333,Campus
6.36673507819,1.0,1.0,0.15625,Other
9.89850490521,1.0,1.0,0.15625,Other
0.693814750655,0.567975830816,0.516985774217,330.239583333,Dorm
6.3926699691,1.0,1.0,0.197916666667,Dorm
6.74051565716,0.0941176470588,0.00755979675301,84.0520833333,Campus
11.7891552697,0.195652173913,0.0183045418144,91.0520833333,Campus
11.0356007339,0.2,0.0227548878825,94.3020833333,Campus
8.79469817614,0.0810810810811,0.00539926115374,36.65625,Other
9.5,1.0,1.0,0.5,Other
6.15716107622,0.0163265306122,0.0014899323145,244.697916667,Dorm
8.74892447748,1.0,1.0,0.0416666666667,Dorm
4.63326492181,1.0,1.0,0.15625,Other
0.495092373756,0.624624624625,0.414504366334,332.802083333,Dorm
2.43530246115,1.0,0.979166666667,0.5,Other
10.0,1.0,1.0,0.0416666666667,Dorm
1.43699531861,0.430555555556,0.325894797855,71.8854166667,Dorm
8.19875057811,0.0241379310345,0.0126900816048,289.760416667,Dorm
6.95154206616,0.0103092783505,0.00326001289675,290.770833333,Campus
10.4963705649,0.194444444444,0.0202535334402,71.4895833333,Campus
10.2611964541,0.477477477477,0.0913536898865,332.270833333,Campus
11.1063103232,0.0122448979592,0.000978057492771,244.958333333,Campus
11.0013289045,0.0666666666667,0.00952717007763,29.5208333333,Campus
1.39091822119,0.295774647887,0.530604733336,283.010416667,Dorm
11.1597393759,0.153846153846,0.00241740531829,12.9270833333,Campus
10.8985049052,1.0,1.0,0.15625,Other
7.39299135345,0.0698529411765,0.00697451619084,271.822916667,Dorm
7.92816911169,0.0215053763441,0.00158245733017,92.15625,Other
0.438783972376,0.212121212121,0.116078679058,230.895833333,Dorm
4.5,1.0,1.0,0.0104166666667,Dorm
5.63326492181,1.0,1.0,0.15625,Other
2.22839484367,0.0833333333333,0.00609490639965,23.9270833333,Dorm
10.6515755776,0.0183486238532,0.00125252914539,108.114583333,Campus
11.930494231,0.164705882353,0.0138802825629,84.0520833333,Campus
1.16389490825,0.24,0.218462327998,324.760416667,Dorm
4.55086884896,0.0909090909091,0.0132417851888,21.2395833333,Dorm
11.463934962,0.0845070422535,0.00520678369533,70.0208333333,Campus
10.0,0.0333333333333,0.000352174678641,59.15625,Other
3.64185643146,0.0689655172414,0.00260029717682,28.0416666667,Dorm
0.99109678381,0.409375,0.453425461182,319.604166667,Dorm
6.49110110225,0.0510204081633,0.00213515533255,195.145833333,Campus
10.1135618893,0.0201342281879,0.000281234619982,148.15625,Other
11.392345354,0.111111111111,0.0040626813697,35.8958333333,Campus
1.30035355234,0.71,0.4096511385,99.7291666667,Dorm
5.23664946918,0.06,0.00589349610608,49.4895833333,Campus
10.0718308883,0.05,0.00182339150821,39.9895833333,Campus
10.7912721605,0.0674157303371,0.00118343195266,88.0208333333,Campus
1.60414183061,0.552552552553,0.402986943862,332.697916667,Dorm
8.24892447748,1.0,1.0,0.166666666667,Dorm
7.5,1.0,1.0,0.291666666667,Dorm
2.10149509479,1.0,1.0,0.15625,Other
9.7821651268,0.017316017316,0.00167473860499,230.135416667,Dorm
4.92916712447,0.024,0.00129360707728,249.625,Other
9.48201086395,0.0946372239748,0.00823560416392,316.208333333,Campus
1.96706313492,0.5,0.51842962455,303.802083333,Dorm
10.5,0.25,0.01329394387,7.05208333333,Campus
1.0036889726,0.666666666667,0.560975609756,2.5625,Other
4.12289994027,0.04,0.00636807471874,49.0729166667,Dorm
7.60197770084,0.0721649484536,0.00499131944444,96.0,Dorm
0.672603881427,0.230769230769,0.113340563991,38.4166666667,Dorm
7.34513282461,1.0,0.866666666667,0.15625,Other
2.97474101147,0.107142857143,0.0220067139127,27.9270833333,Dorm
5.05389164506,0.0327868852459,0.00462804250943,60.7708333333,Dorm
8.41573626092,0.0892857142857,0.00427906976744,55.9895833333,Campus
11.0867650457,0.121951219512,0.0188761434587,286.958333333,Campus
0.0677334822524,0.944444444444,0.600237247924,17.5625,Other
7.10149509479,1.0,1.0,0.15625,Other
2.08272854125,0.509036144578,0.434629641264,331.604166667,Dorm
9.17038500852,0.425531914894,0.0664720626963,328.302083333,Campus
10.030050116,0.127358490566,0.024468452469,211.15625,Other
8.90530523779,0.0606060606061,0.00110671936759,65.8854166667,Dorm
0.5,1.0,1.0,0.5625,Other
2.48193749627,0.0760869565217,0.03820352473,91.6145833333,Dorm
7.98544216541,0.0372670807453,0.00681685385964,160.447916667,Dorm
8.57321331501,0.208737864078,0.0275806124518,205.458333333,Campus
11.5,1.0,1.0,0.0104166666667,Dorm
7.35426265215,0.0588235294118,0.00210213923581,84.2395833333,Dorm
4.67489247704,1.0,0.733333333333,0.15625,Other
5.63326492181,1.0,1.0,0.15625,Other
1.75038076038,0.438438438438,0.375927607477,332.677083333,Dorm
6.04071430979,1.0,0.482352941176,0.885416666667,Dorm
3.97787732975,0.5,0.893333333333,1.5625,Other
11.0419644934,0.0802675585284,0.00887057344416,298.270833333,Campus
11.2510755225,1.0,1.0,0.0416666666667,Dorm
9.37005265718,1.0,1.0,0.239583333333,Dorm
8.10149509479,1.0,1.0,0.15625,Other
3.82452034391,0.046511627907,0.00708180708181,42.65625,Other
7.36673507819,1.0,1.0,0.15625,Other
1.37666841307,1.0,1.0,0.65625,Other
9.63413414577,0.021645021645,0.00126285405015,230.958333333,Campus
10.2489244775,0.016,0.000666722226852,124.989583333,Campus
11.8037794598,0.0168918918919,0.00180052956752,295.052083333,Campus
10.0017984944,0.261261261261,0.0499090852091,332.270833333,Campus
11.487489082,0.109422492401,0.00831930905281,328.052083333,Campus
10.4022322643,0.436746987952,0.0675488778525,331.395833333,Campus
11.7668413837,0.175226586103,0.00708103855232,330.989583333,Campus
0.738694078129,0.535031847134,0.32016812329,156.135416667,Dorm
2.64325663072,1.0,1.0,0.0729166666667,Dorm
9.63326492181,1.0,1.0,0.15625,Other
0.36673507819,1.0,1.0,0.15625,Other
6.99248290389,0.0224215246637,0.00370457209848,222.135416667,Dorm
7.0,1.0,1.0,0.0416666666667,Dorm
1.5,0.0117647058824,0.000184899845917,169.010416667,Dorm
10.0057143837,1.0,0.257575757576,5.5,Other
2.70965417454,0.285714285714,0.017571884984,6.52083333333,Dorm
8.20513087371,0.0184331797235,0.000530299378103,216.072916667,Dorm
6.85060332394,0.0260869565217,0.0018268176836,114.041666667,Dorm
4.0,1.0,0.285714285714,0.0729166666667,Dorm
7.31279559659,0.0555555555556,0.00654372397383,35.0208333333,Dorm
0.493641110947,0.568181818182,0.271469465649,43.6666666667,Dorm
9.28171165041,1.0,0.285714285714,0.291666666667,Dorm
2.25521290017,1.0,0.894736842105,0.197916666667,Dorm
10.1014950948,1.0,1.0,0.15625,Other
3.24166535208,0.0440528634361,0.00560971123781,226.541666667,Dorm
7.86869871145,1.0,1.0,0.197916666667,Dorm
8.33163439781,0.0369127516779,0.00325881281099,297.270833333,Campus
0.375124153221,0.322289156627,0.24452050493,331.729166667,Dorm
7.72112130297,0.136363636364,0.00445324096982,21.0520833333,Campus
10.2864592085,0.0278637770898,0.00187471717629,322.270833333,Campus
10.1574509107,0.0289855072464,0.003663003663,68.25,Other
7.26551160245,0.0377358490566,0.00356435643564,105.208333333,Campus
10.8545647893,0.0138248847926,0.000240952243265,216.15625,Other
6.5,1.0,1.0,0.166666666667,Dorm
8.44751907711,0.133333333333,0.0173671413685,29.9895833333,Campus
10.6932593432,0.0333333333333,0.00354844320751,299.427083333,Campus
10.0452426094,0.241721854305,0.0337599446558,301.145833333,Campus
10.1014950948,1.0,1.0,0.15625,Other
5.09683909982,0.0434782608696,0.00793650793651,68.25,Other
5.98260506277,0.0333333333333,0.00594977688337,119.052083333,Campus
0.252296205979,0.384375,0.427994660242,319.927083333,Dorm
9.97987443089,0.0416666666667,0.00348416880798,239.177083333,Campus
11.5942856368,0.00778210116732,0.000650432944429,256.239583333,Dorm
11.3919534435,0.0119047619048,0.00174487443136,167.15625,Other
0.626646055269,0.321212121212,0.253291139241,164.583333333,Dorm
9.07949515984,0.507692307692,0.0768106528094,64.1458333333,Campus
1.90084659304,0.04,0.00212089077413,49.1145833333,Dorm
8.20936291543,0.119402985075,0.0154518495396,66.7395833333,Dorm
11.5,1.0,1.0,0.0416666666667,Dorm
0.276359981761,0.50303030303,0.511207223134,329.958333333,Dorm
3.88456530109,0.0952380952381,0.0165803108808,20.1041666667,Dorm
7.01791421522,0.0129310344828,0.00112511251125,231.458333333,Campus
0.597399018643,0.385542168675,0.291614321608,331.666666667,Dorm
4.77611699828,0.00996677740864,0.000243055555556,300.0,Dorm
4.13596739312,1.0,1.0,0.260416666667,Dorm
6.89850490521,1.0,1.0,0.15625,Other
8.18706582558,0.0240963855422,0.00164786411459,82.1770833333,Dorm
8.40755247412,0.0989010989011,0.00595306239267,90.9895833333,Campus
10.8392615873,0.285714285714,0.0468497576737,6.44791666667,Dorm
2.15798501389,1.0,0.968253968254,0.65625,Other
9.42439187858,0.3125,0.0240549828179,15.15625,Other
9.03315923311,0.0833333333333,0.00748268541398,299.302083333,Campus
0.767956508384,0.272727272727,0.124039938556,54.25,Other
7.49202498382,0.4,0.0760790051207,14.2395833333,Campus
0.184891951163,0.459459459459,0.536692223439,332.864583333,Dorm
9.5,0.133333333333,0.00297176820208,14.0208333333,Campus
10.8856653824,0.209302325581,0.0259803523585,128.302083333,Campus
11.2023438883,0.0449438202247,0.00650887573964,88.0208333333,Campus
1.41303652129,0.138888888889,0.056338028169,35.5,Other
9.97847625565,0.571428571429,0.201666666667,6.25,Other
5.31994508272,0.176470588235,0.0180528691167,16.15625,Other
9.62390251545,0.118380062305,0.016210245915,320.65625,Other
0.167767813267,0.570570570571,0.449696172399,332.5625,Other
1.23911239243,0.531531531532,0.305061388123,332.583333333,Dorm
2.74892447748,1.0,1.0,0.0416666666667,Dorm
9.1271493923,0.118143459916,0.00927431761241,236.989583333,Campus
10.9553656454,0.00862068965517,0.000315372139124,231.208333333,Campus
9.75107552252,1.0,1.0,0.5,Other
11.9014480576,0.220689655172,0.0376107788746,289.145833333,Campus
8.58899012847,0.0392156862745,0.00185643564356,50.5,Other
9.5,0.0272727272727,0.000286286859433,109.15625,Other
6.63326492181,1.0,1.0,0.15625,Other
1.25558139894,0.434250764526,0.33315271093,326.802083333,Dorm
9.76448043137,0.0897009966777,0.0100971547536,300.208333333,Campus
11.311389192,0.15625,0.0103926096998,63.1458333333,Campus
9.46815686266,0.115384615385,0.00579230450972,25.1770833333,Campus
5.08800246152,0.0263157894737,0.00193798449612,75.25,Other
5.36673507819,1.0,1.0,0.15625,Other
6.10149509479,1.0,1.0,0.15625,Other
8.5,1.0,1.0,0.0104166666667,Dorm
5.36673507819,1.0,1.0,0.15625,Other
8.38877960979,0.122807017544,0.010035309422,56.0520833333,Campus
11.3125488335,0.347540983607,0.060872540633,304.427083333,Campus
10.035213551,0.424698795181,0.026685128076,331.020833333,Campus
8.97796286576,0.025974025974,0.00426338228328,153.927083333,Dorm
9.89850490521,1.0,1.0,0.15625,Other
5.89762169062,0.333333333333,0.0463709677419,5.16666666667,Dorm
8.96006252215,1.0,0.117117117117,1.15625,Other
8.75238406087,0.0121951219512,0.000846919330934,245.989583333,Campus
11.7083244782,0.120481927711,0.0157807047877,331.364583333,Campus
1.63326492181,1.0,1.0,0.15625,Other
7.77928879015,1.0,0.733333333333,0.15625,Other
3.86986591125,0.0408163265306,0.0063911376225,48.8958333333,Dorm
9.36114347258,1.0,0.952380952381,0.65625,Other
0.337630447472,0.666666666667,0.270588235294,2.65625,Other
3.36673507819,1.0,1.0,0.15625,Other
4.72634019428,1.0,0.866666666667,0.15625,Other
3.37666841307,1.0,1.0,0.65625,Other
7.73587985809,0.0515463917526,0.00512012603387,290.927083333,Campus
1.92394123778,0.416918429003,0.225919163939,330.916666667,Dorm
0.337279670082,1.0,0.147435897436,1.625,Other
5.86403260688,1.0,1.0,0.260416666667,Dorm
2.21171150108,0.504504504505,0.394598485323,332.854166667,Dorm
9.90342055109,0.0595238095238,0.00256420861078,251.864583333,Campus
11.1091490958,0.0851063829787,0.00177344269563,46.9895833333,Dorm
7.87680008707,0.0243902439024,0.00186987378352,245.114583333,Campus
1.35810365425,0.343558282209,0.28034931704,325.635416667,Dorm
6.45647316056,0.0652173913043,0.00479945149126,91.15625,Other
7.89850490521,1.0,1.0,0.15625,Other
1.37438409116,0.00778210116732,0.00519691433212,256.5625,Other
9.0,0.153846153846,0.00864304235091,12.0520833333,Campus
10.8641970493,0.0133333333333,0.000417217161533,149.802083333,Campus
10.0,1.0,1.0,0.0416666666667,Dorm
7.36673507819,1.0,1.0,0.15625,Other
9.73057335262,0.5,0.36036036036,1.15625,Other
6.85726413224,0.1,0.00416728679863,69.9895833333,Campus
9.28204241537,0.034188034188,0.0138005197598,116.239583333,Dorm
8.5670819159,1.0,0.604166666667,0.5,Other
9.5,1.0,1.0,0.0104166666667,Dorm
8.32962566979,0.0388692579505,0.00220856185814,282.989583333,Campus
0.772435851002,0.372372372372,0.365526744332,332.625,Other
9.49521644213,0.266666666667,0.0258806613947,14.4895833333,Campus
10.5132996116,0.187692307692,0.0211125036152,324.15625,Other
11.5,1.0,1.0,0.0104166666667,Dorm
7.31696092187,0.465517241379,0.154210718192,57.1458333333,Campus
10.6977570842,0.282894736842,0.0494276973843,303.052083333,Campus
8.35674336928,1.0,1.0,0.0729166666667,Dorm
3.42532296047,0.5,0.652777777778,1.5,Other
11.9482893561,0.09375,0.00726192440997,63.1145833333,Campus
1.79460133339,0.608695652174,0.588406924723,160.65625,Other
9.68319447947,0.133333333333,0.017087667162,14.0208333333,Campus
10.1214856736,0.190476190476,0.0320699708455,125.052083333,Campus
10.6935513113,0.439189189189,0.0763165305548,147.958333333,Campus
10.3290400597,0.124567474048,0.0232003469211,288.25,Other
11.2649132478,0.128205128205,0.0116310522045,77.0208333333,Campus
11.0691739666,0.0208333333333,0.00108654316293,191.739583333,Campus
0.541131021058,0.25,0.0865642042638,315.15625,Other
8.75323619746,0.0204081632653,0.00259306621199,293.25,Other
9.67377783168,0.260869565217,0.0429567005598,91.1770833333,Campus
11.5,1.0,1.0,0.166666666667,Dorm
5.63812904625,0.142857142857,0.0340447154472,20.5,Other
8.63326492181,1.0,1.0,0.15625,Other
10.3869299455,1.0,0.4,1.5625,Other
2.0,1.0,1.0,0.5,Other
6.63326492181,1.0,1.0,0.15625,Other
4.94380434628,0.0175438596491,0.00244708185489,170.270833333,Campus
11.1293259912,0.032967032967,0.00274945583687,90.9270833333,Campus
10.2847101939,0.25,0.0206794682422,7.05208333333,Campus
11.350668595,0.0222222222222,0.00139049826188,89.8958333333,Campus
11.7767726969,0.0769230769231,0.00873080032336,64.4270833333,Dorm
3.89850490521,1.0,1.0,0.15625,Other
7.10149509479,1.0,1.0,0.15625,Other
7.83248231504,0.0117647058824,0.000183868595244,169.958333333,Campus
10.3946181729,0.0824742268041,0.000974025974026,96.25,Other
5.5,1.0,1.0,0.0104166666667,Dorm
0.208126835278,0.477707006369,0.325978268115,156.260416667,Dorm
2.5,1.0,1.0,0.0104166666667,Dorm
9.25007262106,0.021978021978,0.000809997685721,90.0208333333,Campus
10.7238761546,0.213114754098,0.0148943540007,60.1458333333,Campus
10.7599401061,0.176470588235,0.0279668357877,84.1770833333,Campus
6.69870085868,1.0,0.266666666667,0.15625,Other
10.5801414429,0.111111111111,0.00711111111111,35.15625,Other
6.10149509479,1.0,1.0,0.15625,Other
0.583231154852,0.555555555556,0.394220232318,332.697916667,Dorm
3.15686593169,0.014598540146,0.0020589468868,273.197916667,Dorm
8.3956917931,0.25,0.0157687253614,7.92708333333,Campus
10.9495934025,0.207692307692,0.026882799021,259.614583333,Campus
10.1210932571,0.0420168067227,0.00140191010251,237.770833333,Campus
1.68524131014,0.230769230769,0.00752032520325,51.25,Other
6.47512859946,0.0892857142857,0.00762790697674,55.9895833333,Campus
10.2419078393,1.0,0.266666666667,0.15625,Other
9.30129914132,0.666666666667,0.0289855072464,2.15625,Other
9.48164169425,0.0348837209302,0.00391916717697,85.0520833333,Campus
11.9746966439,0.0333333333333,0.0068230870988,149.614583333,Campus
11.2328279319,0.0666666666667,0.00536864710093,29.1041666667,Dorm
5.95828934309,0.0375,0.00638686131387,79.9166666667,Dorm
11.3980572507,0.0377358490566,0.00139748452785,52.1770833333,Campus
11.2983376678,1.0,1.0,0.104166666667,Dorm
6.44851772069,0.0721649484536,0.0111924235902,96.7916666667,Dorm
10.7978905529,1.0,0.0466666666667,1.5625,Other
2.48360301063,0.015625,0.00614602966484,127.114583333,Dorm
8.5,1.0,1.0,0.0104166666667,Dorm
9.5,1.0,1.0,0.0104166666667,Dorm
0.221610091069,0.42962962963,0.365523640159,269.447916667,Dorm
8.64131636603,0.255319148936,0.0161254199328,93.0208333333,Campus
1.53186874145,0.0408163265306,0.0147467407566,48.7395833333,Dorm
6.91620086373,0.06,0.00254993625159,49.0208333333,Campus
11.5956452001,0.0740740740741,0.00714699632992,53.9270833333,Campus
1.64493768007,0.333333333333,0.119217081851,5.85416666667,Dorm
8.06228255597,0.0501930501931,0.00863983204812,258.010416667,Dorm
0.454097799485,1.0,0.729166666667,0.5,Other
9.5,1.0,1.0,0.104166666667,Dorm
2.5,1.0,1.0,0.541666666667,Dorm
2.5,1.0,1.0,0.5,Other
2.40721185651,0.0450819672131,0.0075432881879,243.041666667,Dorm
5.5,1.0,1.0,0.0104166666667,Dorm
5.25785366759,0.0129032258065,0.000540066158104,154.302083333,Dorm
11.9674817646,0.0347826086957,0.00126817337742,229.989583333,Campus
7.57872924168,0.037037037037,0.00331841333539,269.958333333,Dorm
8.78795130063,0.0308641975309,0.00303098700545,323.052083333,Campus
10.762040402,0.0677290836653,0.010657785179,250.208333333,Campus
11.1618813886,0.0434782608696,0.00483425414365,45.25,Other
1.96558184176,0.333333333333,0.940476190476,2.625,Other
10.3401104106,0.0851063829787,0.00630772696553,46.2395833333,Campus
0.125162683923,1.0,0.857142857143,0.65625,Other
4.5,1.0,1.0,0.0104166666667,Dorm
9.02608202323,0.0323886639676,0.00118418270247,246.302083333,Campus
0.909838461166,0.522471910112,0.358148539247,177.5625,Other
3.10149509479,1.0,1.0,0.15625,Other
8.28454443672,0.0460122699387,0.000479800403032,325.65625,Other
6.21227051846,0.0333333333333,0.00350426352062,89.1770833333,Dorm
8.0131428822,0.0228758169935,0.00518399781726,305.427083333,Campus
9.18706582558,1.0,0.866666666667,0.15625,Other
11.598922008,1.0,0.6,0.15625,Other
0.196067495707,0.611650485437,0.451632528899,102.729166667,Dorm
11.6253965171,0.0140845070423,0.000954128440367,141.927083333,Campus
1.15855999668,0.548780487805,0.4125158831,163.958333333,Dorm
10.5,1.0,1.0,0.0104166666667,Dorm
5.63326492181,1.0,1.0,0.15625,Other
0.389796469761,0.0689655172414,0.00665926748058,28.15625,Other
5.36931536828,0.041958041958,0.00215588117075,285.072916667,Dorm
7.6041036005,0.140350877193,0.0159643586412,56.1145833333,Campus
1.60187358334,0.498470948012,0.468369790835,326.197916667,Dorm
9.12848640636,0.208333333333,0.027062418158,23.8645833333,Campus
10.5864892194,0.213213213213,0.0463125548727,332.208333333,Campus
11.2254420807,0.5,0.810810810811,1.15625,Other
0.625673508066,1.0,1.0,0.510416666667,Dorm
6.8557830859,1.0,1.0,0.177083333333,Dorm
10.6432566307,1.0,1.0,0.0729166666667,Dorm
8.73391881472,1.0,0.0810810810811,1.15625,Other
0.0621537178558,0.297872340426,0.233692029331,328.15625,Other
9.74127969007,0.0372881355932,0.00219538968167,294.177083333,Campus
11.580834051,1.0,0.733333333333,0.15625,Other
7.90080919895,0.0188679245283,0.00305870744943,211.145833333,Dorm
8.3805423953,0.131868131868,0.00847166571265,90.9895833333,Campus
10.0399374779,1.0,0.866666666667,0.15625,Other
7.28671013534,0.25,0.0391872278665,7.17708333333,Campus
1.0,1.0,1.0,0.5,Other
3.10480486226,1.0,0.878048780488,0.427083333333,Dorm
3.28795073603,0.418181818182,0.250048049202,54.1979166667,Dorm
4.1267237411,0.117647058824,0.0148124803026,33.0520833333,Dorm
9.86419704933,0.015873015873,0.000496812122216,125.802083333,Campus
11.4398081738,0.0537974683544,0.00356942195195,315.177083333,Campus
10.8904710598,0.0869565217391,0.00491597119012,91.1145833333,Campus
11.5,0.00990099009901,0.00124223602484,201.25,Other
10.5,1.0,1.0,0.0104166666667,Dorm
9.58528858068,0.225,0.0316447454096,79.9895833333,Campus
11.8985049052,1.0,1.0,0.15625,Other
7.64363651875,0.020618556701,0.000538851169307,96.65625,Other
7.5,0.0169491525424,0.000177825197831,117.15625,Other
9.36673507819,1.0,1.0,0.15625,Other
11.3417303974,0.141304347826,0.0176860443098,275.052083333,Campus
10.5,0.5,0.00641025641026,3.25,Other
11.3135500595,0.163194444444,0.0169337878019,287.270833333,Campus
1.62679767314,0.0284552845528,0.00280492987675,245.104166667,Dorm
6.40729124935,0.285714285714,0.037542662116,6.10416666667,Dorm
8.02360847954,0.0277777777778,0.016237565828,71.2083333333,Dorm
4.5,1.0,1.0,0.0104166666667,Dorm
0.224902017312,0.0571428571429,0.00481347773767,34.625,Other
2.63326492181,1.0,1.0,0.15625,Other
6.36673507819,1.0,1.0,0.15625,Other
8.89944813343,0.162790697674,0.00866980431013,42.0520833333,Campus
10.122579942,1.0,1.0,0.302083333333,Dorm
8.61524445996,0.117647058824,0.00916408668731,84.1145833333,Campus
10.5,1.0,1.0,0.0104166666667,Dorm
5.94541250734,0.136363636364,0.00888011840158,21.1145833333,Campus
11.9534272991,0.0232558139535,0.000243664717349,85.5,Other
6.06257787486,0.0105263157895,0.000881639850121,189.041666667,Dorm
5.36673507819,1.0,1.0,0.15625,Other
7.75107552252,1.0,1.0,0.166666666667,Dorm
9.90226359518,0.313432835821,0.0492035956474,66.0520833333,Campus
10.2510755225,1.0,1.0,0.0416666666667,Dorm
0.748924477478,1.0,1.0,0.625,Other
7.64325663072,1.0,1.0,0.0729166666667,Dorm
0.520211584034,0.673076923077,0.533724934171,51.4270833333,Dorm
11.0263989413,0.0652173913043,0.00877524774945,275.395833333,Campus
10.9485249917,0.355263157895,0.0673423810342,303.177083333,Campus
10.8261827342,0.0363636363636,0.00237631291288,219.177083333,Campus
11.42057137,0.111111111111,0.0132544378698,44.0104166667,Dorm
9.35674336928,1.0,1.0,0.0729166666667,Dorm
7.83006544346,0.04,0.00493022478482,124.65625,Other
6.36673507819,1.0,1.0,0.15625,Other
2.74892447748,1.0,1.0,0.291666666667,Dorm
9.72379808733,0.341463414634,0.0410941312444,81.1145833333,Campus
11.6264739131,0.0353697749196,0.00433132995333,310.239583333,Campus
10.8550761859,0.180064308682,0.018875528985,310.145833333,Campus
1.83277737406,1.0,0.51572327044,1.65625,Other
3.08780678029,1.0,0.666666666667,0.15625,Other
2.96479898411,0.0215517241379,0.00440845704004,231.5625,Other
6.13092140052,0.0141509433962,0.000788954635108,211.25,Other
6.89850490521,1.0,1.0,0.15625,Other
5.91941823843,0.00956937799043,0.00205082032813,208.25,Other
0.0575090085696,0.453453453453,0.370678597128,332.947916667,Dorm
7.83765819892,0.00995024875622,0.000936768149883,200.15625,Other
0.558790664011,0.645161290323,0.349659863946,30.625,Other
6.02858950387,0.166666666667,0.0238416554206,23.15625,Other
5.63326492181,1.0,1.0,0.15625,Other
7.75990565857,0.08,0.00836120401338,24.9166666667,Dorm
5.63326492181,1.0,1.0,0.15625,Other
2.74892447748,1.0,1.0,0.0416666666667,Dorm
3.49456394212,1.0,0.8125,0.166666666667,Dorm
4.5,1.0,1.0,0.0104166666667,Dorm
2.91642667808,0.0395136778116,0.00541584848293,328.895833333,Dorm
2.22899658819,0.0122950819672,0.00294985250737,243.65625,Other
5.89850490521,1.0,1.0,0.15625,Other
0.269196987213,0.606060606061,0.429141843073,164.354166667,Dorm
9.26448062646,0.0483870967742,0.00412284392091,123.802083333,Campus
10.1812395362,0.0169491525424,0.000977603981514,117.208333333,Campus
11.8985049052,1.0,1.0,0.15625,Other
4.2214208752,0.0147058823529,0.000513004668342,203.052083333,Campus
8.74796243945,0.0560747663551,0.0074568288854,106.166666667,Dorm
3.25557020389,1.0,0.0833333333333,0.625,Other
1.54023456017,0.0471698113208,0.0128904313337,105.052083333,Dorm
5.86045500328,0.115384615385,0.00650406504065,25.625,Other
7.68904177105,0.136363636364,0.0206591244466,21.1770833333,Campus
11.7807376925,0.4,0.0354243542435,14.1145833333,Campus
10.2032720695,0.0905797101449,0.0164181921117,275.989583333,Campus
11.3737613913,0.148484848485,0.00785083415113,329.052083333,Campus
11.0361037612,1.0,0.266666666667,0.15625,Other
7.10149509479,1.0,1.0,0.15625,Other
9.16283431059,0.0413223140496,0.00249741646573,120.958333333,Campus
1.21572538368,0.75,0.583333333333,3.25,Other
8.07627685012,0.109375,0.00742696814656,63.1145833333,Campus
10.8052538894,0.545454545455,0.0974358974359,10.15625,Other
9.5,1.0,1.0,0.104166666667,Dorm
7.35377814072,0.1,0.00815035355415,279.895833333,Campus
10.3299715422,0.052,0.00648074591295,249.135416667,Dorm
6.6515755776,1.0,1.0,0.135416666667,Dorm
7.36673507819,1.0,1.0,0.15625,Other
5.11769498247,1.0,0.866666666667,0.15625,Other
6.10149509479,1.0,1.0,0.15625,Other
9.46506503248,0.0875912408759,0.01152222687,273.927083333,Campus
11.8586459069,0.151162790698,0.0193508879363,85.0520833333,Campus
11.55800478,0.0147058823529,0.000410151243271,203.177083333,Dorm
5.5,1.0,1.0,0.5625,Other
6.75107552252,0.0526315789474,0.004485562097,37.15625,Other
12.0,0.0833333333333,0.00289435600579,35.9895833333,Campus
1.18505066978,0.513513513514,0.478919527998,332.802083333,Dorm
7.94542776553,0.0414746543779,0.0048492414058,216.958333333,Campus
10.5570042344,0.0809968847352,0.00779752428604,320.614583333,Campus
11.7833408438,0.115942028986,0.00700227100681,275.208333333,Campus
10.2954975139,0.08,0.00208942749687,24.9270833333,Campus
10.1935153309,0.0434782608696,0.00551090700344,45.3645833333,Campus
1.32813119195,0.021978021978,0.00166055886395,181.916666667,Dorm
8.5391077671,0.013698630137,0.00208318367933,145.010416667,Dorm
8.6709381001,0.247524752475,0.0168702132064,100.645833333,Campus
10.4107704368,0.435435435435,0.0773716220453,332.270833333,Campus
10.552095181,0.0168067226891,0.000876117049238,118.895833333,Dorm
7.10149509479,1.0,1.0,0.15625,Other
11.589645646,0.0893470790378,0.00635387873784,290.177083333,Campus
10.56895014,1.0,0.933333333333,0.15625,Other
5.89663170174,0.0377358490566,0.00399440782904,52.15625,Other
9.90758351536,0.357798165138,0.0682391241901,326.364583333,Campus
11.7756864271,0.077519379845,0.0102959583317,257.989583333,Campus
1.42304821843,0.0416666666667,0.00611754424295,47.6770833333,Campus
1.89850490521,1.0,1.0,0.15625,Other
11.0,0.4,0.00980392156863,4.25,Other
9.34407813082,0.00888888888889,0.000464597658428,224.208333333,Campus
10.9079366301,0.174796747967,0.0289479277365,245.052083333,Campus
0.101102258805,0.0366972477064,0.000767165324127,108.625,Other
0.209091422839,0.640625,0.464332460733,63.6666666667,Dorm
2.00379231896,0.222222222222,0.0613718411552,8.65625,Other
8.07183088831,1.0,1.0,0.0729166666667,Dorm
4.81866421891,0.0408163265306,0.00410367170626,48.2291666667,Dorm
11.5,1.0,0.133333333333,0.15625,Other
2.68188481223,0.142857142857,0.00609756097561,20.5,Other
2.36673507819,1.0,1.0,0.15625,Other
5.50540416907,0.0129032258065,0.00121024675587,154.927083333,Dorm
8.27952445377,0.401315789474,0.0815299793246,151.145833333,Campus
11.6430919359,0.0588235294118,0.00343106674984,33.3958333333,Campus
10.5,1.0,1.0,0.0104166666667,Dorm
8.80892411784,0.162790697674,0.0096463022508,42.1145833333,Campus
1.55150263427,0.702702702703,0.548300662812,73.8645833333,Dorm
8.45182079892,0.189189189189,0.022663155915,110.770833333,Campus
4.74892447748,1.0,1.0,0.0416666666667,Dorm
0.7421406925,0.392086330935,0.324773187373,277.854166667,Dorm
0.876185916148,0.046875,0.00362856671615,63.15625,Other
9.5,1.0,1.0,0.0104166666667,Dorm
8.8278999642,0.14,0.00806965385432,49.0520833333,Campus
10.9110809028,0.0208333333333,0.00184950135993,287.239583333,Campus
1.70166233222,1.0,1.0,0.104166666667,Dorm
3.0,1.0,1.0,0.104166666667,Dorm
2.21113925006,1.0,0.894736842105,0.197916666667,Dorm
5.15252208651,0.0182481751825,0.00240366272415,273.020833333,Dorm
8.36022417376,0.0495356037152,0.00717819381123,322.15625,Other
7.10149509479,1.0,1.0,0.15625,Other
7.95802015745,0.166666666667,0.0189854642539,35.1145833333,Campus
11.5677329467,0.279279279279,0.0461461241648,332.052083333,Campus
10.7214208752,0.00955414012739,0.000166317400126,313.15625,Other
6.63151596198,0.118421052632,0.0138136697059,303.895833333,Campus
10.9573865171,0.089552238806,0.013698630137,66.15625,Other
5.25107552252,1.0,1.0,0.0416666666667,Dorm
0.503395091738,0.0769230769231,0.0419934539616,168.677083333,Dorm
7.07659568677,0.0326530612245,0.00238226911133,244.864583333,Campus
11.1287063902,0.0208333333333,0.00173754398158,239.802083333,Campus
1.50034601525,0.155080213904,0.115266536422,186.614583333,Dorm
7.42893556578,0.0170068027211,0.00127668628981,293.729166667,Dorm
6.5,1.0,1.0,0.0104166666667,Dorm
4.63326492181,1.0,1.0,0.15625,Other
9.36673507819,1.0,1.0,0.15625,Other
4.89850490521,1.0,1.0,0.15625,Other
4.3926699691,1.0,1.0,0.197916666667,Dorm
9.70166233222,1.0,1.0,0.104166666667,Dorm
2.01648274521,0.181818181818,0.0217842323651,10.0416666667,Dorm
3.63326492181,1.0,1.0,0.15625,Other
9.96006252215,1.0,0.866666666667,0.15625,Other
7.63326492181,1.0,1.0,0.15625,Other
4.0,1.0,0.958333333333,0.5,Other
8.89850490521,1.0,1.0,0.15625,Other
7.64325663072,1.0,1.0,0.0729166666667,Dorm
5.5,1.0,1.0,0.0104166666667,Dorm
11.489573712,1.0,0.0619469026549,1.17708333333,Campus
10.105716448,0.611111111111,0.0873549175321,17.0520833333,Campus
9.44566924398,0.111111111111,0.0128205128205,26.0,Dorm
5.77630596784,1.0,0.0925925925926,0.5625,Other
6.63326492181,1.0,1.0,0.15625,Other
0.657371394206,0.589820359281,0.380848204519,333.302083333,Dorm
8.10149509479,1.0,1.0,0.15625,Other
0.415987054786,0.0416666666667,0.0263157894737,71.25,Other
9.74586960426,0.0206896551724,0.0025272582858,144.260416667,Dorm
7.14419130596,0.5,0.019801980198,3.15625,Other
6.10149509479,1.0,1.0,0.15625,Other
9.65592186918,0.0136054421769,0.000356353788041,146.15625,Other
5.37666841307,1.0,1.0,0.65625,Other
0.0507205633534,0.787610619469,0.462564862861,112.416666667,Dorm
6.73897608015,0.0380952380952,0.001600160016,104.15625,Other
9.63326492181,1.0,1.0,0.15625,Other
7.83052658792,0.0350877192982,0.00222593210907,56.15625,Other
6.30858221115,0.0309278350515,0.00400606323084,96.2083333333,Dorm
3.18156969719,1.0,0.861635220126,1.65625,Other
3.13130128855,1.0,1.0,0.197916666667,Dorm
6.1442169141,1.0,1.0,0.177083333333,Dorm
8.70956971605,0.5,0.029702970297,3.15625,Other
6.39215864828,1.0,0.124324324324,1.92708333333,Dorm
0.599719060516,0.0909090909091,0.0326880355443,32.8229166667,Dorm
0.546444570704,0.561561561562,0.345616781465,332.708333333,Dorm
8.31816926915,0.0204918032787,0.00038501026694,243.5,Other
7.89850490521,1.0,1.0,0.15625,Other
3.08203683387,0.00917431192661,0.00335618737115,217.260416667,Dorm
8.69699179184,0.0175438596491,0.000919793966152,113.25,Other
2.08068326871,0.175159235669,0.101255730516,313.5625,Other
3.33734186608,0.658536585366,0.572327044025,81.15625,Other
11.3993298875,0.371621621622,0.0551840641937,147.989583333,Campus
10.7520280472,0.0277777777778,0.00524475524476,107.25,Other
9.90089080363,0.171428571429,0.020979543079,139.520833333,Campus
11.1067486646,0.0111940298507,0.00136510784352,267.072916667,Dorm
9.63389292363,0.139534883721,0.00295857988166,42.25,Other
3.96279628915,0.0697674418605,0.00882352941176,42.5,Other
5.72843242094,0.05,0.00755405053399,159.958333333,Dorm
9.74892447748,1.0,1.0,0.0416666666667,Dorm
6.10149509479,1.0,0.673913043478,0.479166666667,Dorm
0.651575577605,1.0,1.0,0.135416666667,Dorm
5.5,1.0,1.0,0.5625,Other
9.26011224459,0.0592592592593,0.00521094684834,269.864583333,Campus
11.1010166968,1.0,0.491666666667,1.25,Other
11.3667350782,0.5,1.0,1.15625,Other
9.10149509479,1.0,1.0,0.15625,Other
4.89850490521,1.0,1.0,0.15625,Other
5.63326492181,1.0,1.0,0.15625,Other
9.04545165643,0.125925925926,0.0124990295784,134.177083333,Campus
11.1723308661,0.102564102564,0.0130929961438,116.15625,Other
6.43273300656,0.0395256916996,0.0183004915933,252.15625,Other
5.5,1.0,1.0,0.0104166666667,Dorm
5.53983180013,0.0576923076923,0.00712685807371,51.15625,Other
9.52048303223,0.155660377358,0.018165662948,211.020833333,Campus
10.5,0.06,0.00106247343816,49.0208333333,Campus
10.9695125044,0.355555555556,0.0540951045683,89.15625,Other
9.3137152131,0.106382978723,0.011971990061,46.1145833333,Campus
11.7033977476,0.0608365019011,0.00471399144351,262.958333333,Campus
10.5,0.0689655172414,0.000743494423792,28.0208333333,Campus
10.3667350782,1.0,1.0,0.15625,Other
3.35674336928,1.0,1.0,0.0729166666667,Dorm
7.63326492181,1.0,1.0,0.15625,Other
9.83948264435,0.280936454849,0.044515881058,298.114583333,Campus
10.7953987254,0.056856187291,0.00433369447454,298.052083333,Campus
11.2441661076,0.291338582677,0.0668537471113,126.208333333,Campus
8.97045432555,1.0,0.8125,0.166666666667,Dorm
0.493908177943,0.0526315789474,0.0139652518144,94.7291666667,Dorm
2.5,1.0,1.0,0.0104166666667,Dorm
5.64074786657,0.0260416666667,0.0088818657367,191.166666667,Dorm
0.5011522602,0.410138248848,0.244436952124,216.270833333,Dorm
9.13344498692,0.00704225352113,0.000183877611062,283.25,Other
6.59721477176,0.0386266094421,0.00273689877961,232.166666667,Dorm
0.982649662095,0.0283018867925,0.0030498302917,211.760416667,Dorm
3.12406194757,1.0,1.0,0.510416666667,Dorm
10.3427508594,0.269784172662,0.0659551279642,277.177083333,Campus
10.0982341961,0.0401606425703,0.006003610563,248.114583333,Campus
11.7283774284,0.036496350365,0.00117884169297,273.927083333,Campus
0.581086348689,0.03125,0.00174405929802,95.5625,Other
7.10149509479,1.0,1.0,0.15625,Other
10.5017901702,0.381381381381,0.0697484789563,332.145833333,Campus
10.6490694884,1.0,0.25,1.625,Other
4.89850490521,1.0,1.0,0.15625,Other
7.13277863534,0.0911854103343,0.00765006507317,328.15625,Other
6.04761532818,0.105882352941,0.00520123839009,84.1145833333,Campus
0.0654882363899,0.166666666667,0.0652878146025,41.8020833333,Dorm
0.88644037355,0.6,0.258926310458,164.541666667,Dorm
3.9285770977,0.0130434782609,0.000772516586386,229.229166667,Dorm
4.32457332242,0.0434782608696,0.00885225885226,68.25,Other
6.21993869946,0.0266666666667,0.000561955605507,74.1458333333,Dorm
8.17547965609,0.0114942528736,0.000119904076739,260.625,Other
11.8388684381,0.0344827586207,0.00528521960999,57.15625,Other
2.83363575225,0.08,0.0385920271416,24.5625,Other
2.34396336915,1.0,0.0666666666667,1.25,Other
11.8853033796,0.0820895522388,0.0137306912155,133.520833333,Campus
11.9943129801,0.0149812734082,0.00183945833823,266.15625,Other
3.63326492181,1.0,1.0,0.15625,Other
10.2750979827,0.333333333333,0.0161616161616,5.15625,Other
9.5,0.0149253731343,0.000861191575981,133.052083333,Dorm
8.20999857633,0.0705882352941,0.00767516712057,84.1458333333,Campus
10.247386434,0.0643939393939,0.00478752868561,263.270833333,Campus
10.0517726985,0.348348348348,0.0625352819419,332.145833333,Campus
1.22208291492,0.848484848485,0.582989527134,65.6458333333,Dorm
6.87885690632,0.0496894409938,0.0129718510831,321.208333333,Dorm
6.76636828449,0.444444444444,0.18901660281,8.15625,Other
2.22044604925e-16,1.0,1.0,0.104166666667,Dorm
9.83248231504,0.00740740740741,0.000115745206219,269.989583333,Campus
10.1397321401,0.0386473429952,0.00454775138959,206.145833333,Campus
1.89850490521,1.0,1.0,0.15625,Other
0.384207860249,0.25,0.0625,7.5,Other
9.55048183847,0.148026315789,0.0179369115525,303.145833333,Campus
11.0347422429,0.0134228187919,0.00077339520495,148.15625,Other
0.961771596065,0.487179487179,0.368094853139,38.65625,Other
7.5,1.0,1.0,0.0104166666667,Dorm
6.92816911169,1.0,1.0,0.0729166666667,Dorm
5.3829810878,0.0116279069767,0.00133657351154,171.458333333,Dorm
9.88357139891,1.0,0.866666666667,0.15625,Other
6.0,1.0,1.0,0.0416666666667,Dorm
8.89850490521,1.0,1.0,0.15625,Other
7.3934508809,0.0215053763441,0.00237127371274,92.25,Other
5.84151591362,0.0445344129555,0.00578254263042,246.791666667,Dorm
9.6763213337,0.0108695652174,0.000568310979768,183.291666667,Dorm
6.89850490521,1.0,1.0,0.15625,Other
10.3865584379,0.435435435435,0.0734667001129,332.208333333,Campus
6.34221738008,0.0368098159509,0.00449669171966,162.15625,Other
6.07183088831,1.0,1.0,0.0729166666667,Dorm
3.10149509479,1.0,1.0,0.15625,Other
10.3312904539,0.0588235294118,0.00404103201741,67.0208333333,Campus
1.2832161329,0.0681003584229,0.0431385742589,278.65625,Other
5.55632415338,0.0378378378378,0.00186188219364,184.625,Other
3.89850490521,1.0,1.0,0.15625,Other
10.8760357328,0.16199376947,0.0201001756326,320.270833333,Campus
10.8614620327,0.0561797752809,0.00403178455396,266.114583333,Campus
1.79609769711,0.102167182663,0.0469224310534,322.5625,Other
5.63786406504,0.0689655172414,0.0103435537495,28.1979166667,Dorm
3.89850490521,1.0,1.0,0.15625,Other
8.45903299739,1.0,0.408805031447,1.65625,Other
6.0,1.0,1.0,0.0416666666667,Dorm
10.3802617126,0.333333333333,0.0103469263542,17.1145833333,Campus
10.5293405965,0.722222222222,0.167376749848,17.1145833333,Campus
11.2556468642,0.299684542587,0.0484678747941,316.145833333,Campus
11.5,1.0,0.125,0.166666666667,Dorm
4.89850490521,1.0,1.0,0.15625,Other
11.0,1.0,1.0,0.0416666666667,Dorm
7.86869871145,1.0,1.0,0.197916666667,Dorm
0.763770160465,0.0109289617486,0.00131624127275,182.020833333,Dorm
2.14112193378,0.606060606061,0.680111441778,164.510416667,Dorm
7.42828247937,0.0519480519481,0.00793325126522,76.15625,Other
3.10149509479,1.0,1.0,0.15625,Other
6.14004571453,1.0,0.733333333333,0.15625,Other
9.07183088831,1.0,1.0,0.0729166666667,Dorm
6.46835684335,0.0864197530864,0.00630427790286,161.927083333,Dorm
9.61480740593,0.274193548387,0.045753840959,123.395833333,Campus
1.5,1.0,1.0,0.0104166666667,Dorm
2.39741454666,0.666666666667,0.173737373737,5.15625,Other
9.0,0.031746031746,0.00198741305068,62.8958333333,Campus
1.63326492181,1.0,1.0,0.15625,Other
6.5,0.046511627907,0.00049394912324,42.1770833333,Campus
11.7497593087,0.452830188679,0.0551008185267,52.1770833333,Campus
1.13679491806,0.125,0.0208553326294,39.4583333333,Dorm
6.5792183025,1.0,0.8,0.15625,Other
7.5,0.130434782609,0.00141576215196,22.0729166667,Dorm
7.84427130822,0.126984126984,0.00959153299157,62.9895833333,Campus
11.5,1.0,1.0,0.104166666667,Dorm
2.36673507819,1.0,1.0,0.15625,Other
7.5,1.0,1.0,0.0104166666667,Dorm
7.57217355682,0.0167364016736,0.00432843651626,238.25,Other
11.9261940106,0.225352112676,0.023007273267,70.1770833333,Campus
11.0,0.0202702702703,0.0002116103548,147.677083333,Campus
1.43252524257,0.470355731225,0.380742268041,252.604166667,Dorm
7.85531526637,0.0394736842105,0.00194067091766,75.1458333333,Campus
0.143945203568,0.36036036036,0.4549182894,332.729166667,Dorm
8.85638899184,0.093023255814,0.00347050074368,42.0208333333,Campus
10.489656788,0.348837209302,0.0968457368162,42.2708333333,Campus
0.13468923269,1.0,0.2,0.15625,Other
5.03105729309,0.4,0.0542797494781,4.98958333333,Campus
1.00195572712,0.0121212121212,0.0011422044546,164.15625,Other
5.6515755776,1.0,1.0,0.135416666667,Dorm
8.98554156347,0.106666666667,0.0128531122644,299.052083333,Campus
11.6019427493,0.03125,0.00114118030649,63.8958333333,Dorm
9.83248231504,0.0263157894737,0.000416550958067,75.0208333333,Campus
10.7272405756,0.112956810631,0.0175882883508,300.270833333,Campus
10.1408204842,0.35737704918,0.0740956227112,304.364583333,Campus
11.7576864083,0.157099697885,0.0169048668388,330.895833333,Campus
12.0,0.0243902439024,0.000256706456167,81.15625,Other
11.2033474937,0.275362318841,0.0358652974932,137.958333333,Campus
10.3418452207,0.0526315789474,0.0057503246151,56.15625,Other
9.54646342202,0.025641025641,0.00512405609493,77.25,Other
9.26057149124,0.2125,0.027376723267,319.614583333,Campus
10.8280541617,0.141818181818,0.0109318656292,274.427083333,Campus
11.5374142653,0.0425531914894,0.0054163845633,46.15625,Other
9.65158944087,0.0338983050847,0.00107469102633,58.15625,Other
8.04005138032,0.104347826087,0.00770206596593,114.958333333,Campus
10.1324375425,0.0666666666667,0.00285816362987,29.15625,Other
6.01120213834,1.0,0.314814814815,0.5625,Other
0.827334947386,0.486068111455,0.472384518545,322.697916667,Dorm
7.21553108128,0.0295358649789,0.0152183502426,236.145833333,Dorm
5.5,1.0,1.0,0.0104166666667,Dorm
7.43855263184,0.141025641026,0.0229265003372,77.2395833333,Campus
10.0871612,0.025,0.00397510330038,199.15625,Other
8.0,0.0166666666667,0.00122377622378,119.166666667,Dorm
3.62961362121,0.285714285714,0.0400641025641,6.5,Other
8.0,1.0,1.0,0.104166666667,Dorm
3.90503752631,0.450920245399,0.268099692465,325.166666667,Dorm
5.03867594107,0.0418410041841,0.00415591233212,238.114583333,Dorm
7.5,1.0,1.0,0.0104166666667,Dorm
9.6011022588,0.4,0.0196078431373,4.25,Other
3.0,1.0,1.0,0.479166666667,Dorm
8.5,1.0,1.0,0.0104166666667,Dorm
0.342226783302,0.483483483483,0.329439764507,332.635416667,Dorm
0.627051012103,0.0458333333333,0.028176363162,239.5625,Other
8.69625575479,1.0,0.283333333333,1.25,Other
1.84009719252,0.857142857143,0.625,6.5,Other
0.330286720515,0.122641509434,0.0351346001584,105.25,Other
4.36673507819,1.0,1.0,0.15625,Other
5.28327393344,1.0,0.933333333333,0.15625,Other
3.42221564355,1.0,0.0192307692308,1.625,Other
0.454676273143,0.352409638554,0.243576050763,331.604166667,Dorm
6.60016289265,0.030888030888,0.00462553294184,258.979166667,Dorm
8.8518609461,0.0186567164179,0.00132326613217,267.645833333,Dorm
4.33435663108,0.0568181818182,0.0120238095238,87.5,Other
6.63326492181,1.0,1.0,0.15625,Other
11.7001358508,0.0236220472441,0.00131676405234,253.145833333,Campus
11.8985049052,1.0,1.0,0.15625,Other
5.0475590288,0.0338983050847,0.00339771101574,58.25,Other
0.217428089816,0.25,0.0262008733624,7.15625,Other
3.45204678283,0.0632911392405,0.0115953618553,78.15625,Other
0.63326492181,1.0,1.0,0.15625,Other
1.08707866213,0.624242424242,0.441995947315,164.5,Other
5.35674336928,1.0,1.0,0.0729166666667,Dorm
2.92816911169,1.0,0.933333333333,0.15625,Other
3.10149509479,1.0,1.0,0.15625,Other
3.63326492181,1.0,1.0,0.15625,Other
6.40815154518,1.0,1.0,0.114583333333,Dorm
8.38636096341,0.0555555555556,0.0109499852027,35.1979166667,Dorm
4.0,0.010101010101,0.000105418511491,197.625,Other
9.4429742392,0.141025641026,0.0086381427993,77.1770833333,Campus
10.5073692846,0.0468085106383,0.00395573136584,234.364583333,Campus
0.254020057822,0.15,0.0646367521368,19.5,Other
3.10149509479,1.0,1.0,0.15625,Other
6.96943965503,0.0161290322581,0.00143957998137,123.010416667,Dorm
5.92662582341,0.0365853658537,0.00343336724313,81.9166666667,Dorm
1.63326492181,1.0,1.0,0.15625,Other
0.1064554328,0.12382739212,0.630536084896,532.020833333,Dorm
8.29833766778,1.0,1.0,0.104166666667,Dorm
5.52760823861,0.0189573459716,0.00138840680319,210.072916667,Dorm
6.24255395713,0.0283018867925,0.00455580865604,105.177083333,Campus
1.8557830859,0.5,0.215258855586,3.82291666667,Dorm
6.10957207651,0.0128205128205,0.00120878382916,155.114583333,Dorm
9.74892447748,1.0,1.0,0.0416666666667,Dorm
4.5596067105,0.04,0.00267379679144,74.0208333333,Dorm
5.5956740834,0.0129310344828,0.000946756232812,231.052083333,Campus
10.9564848582,0.117647058824,0.00192307692308,16.25,Other
9.20906748233,0.0934579439252,0.00684195093344,213.145833333,Campus
11.0,0.0106951871658,0.000111913155391,186.15625,Other
6.80606411911,0.0350877192982,0.130612244898,56.1458333333,Campus
1.05255511066,0.328125,0.255580902721,127.854166667,Dorm
0.278753469648,0.343558282209,0.209532374101,162.166666667,Dorm
1.5,1.0,1.0,0.0104166666667,Dorm
3.0,1.0,1.0,0.5625,Other
0.597711736802,0.417721518987,0.775254865616,157.354166667,Dorm
9.64221614766,0.0900621118012,0.0143763761171,321.708333333,Campus
1.90080085665,0.0528052805281,0.0989604846482,302.625,Other
9.37939043183,0.0357142857143,0.00063778899814,195.989583333,Campus
10.5819970843,0.0532786885246,0.00355627918934,243.114583333,Campus
11.8052559142,0.0109090909091,0.00243170333219,274.15625,Other
10.1332063503,0.142857142857,0.00395256916996,13.1770833333,Campus
11.9534272991,0.0136054421769,0.00014220705347,146.5,Other
9.24009434143,0.0869565217391,0.00376293508937,22.1458333333,Campus
11.5,1.0,1.0,0.0104166666667,Dorm
7.5,0.266666666667,0.0163083765752,14.0520833333,Campus
11.5865545709,0.15625,0.0097520661157,63.0208333333,Campus
11.5565486383,0.241379310345,0.0314232902033,28.1770833333,Campus
10.6342943072,0.21752265861,0.031864214279,330.177083333,Campus
0.665423604878,0.374558303887,0.20808267208,282.239583333,Dorm
6.60523252325,0.046875,0.00610258947716,63.15625,Other
10.8985049052,1.0,1.0,0.15625,Other
4.69227914671,0.0120967741935,0.00206098843323,247.65625,Other
6.70166233222,1.0,1.0,0.104166666667,Dorm
3.6515755776,1.0,1.0,0.135416666667,Dorm
7.67866116672,0.0681003584229,0.00827281575204,278.270833333,Campus
10.6768178528,0.114285714286,0.00506103006847,34.9895833333,Campus
11.1572629401,0.267716535433,0.0465154639175,126.302083333,Campus
1.38109989566,1.0,1.0,0.177083333333,Dorm
0.85250937767,0.0789473684211,0.0366212734634,113.208333333,Dorm
0.2125002812,0.477477477477,0.483091938562,332.989583333,Dorm
4.71798169518,0.021897810219,0.00259334121506,273.135416667,Dorm
5.0,1.0,1.0,0.0416666666667,Dorm
8.55296275781,0.109090909091,0.209178835577,54.9270833333,Campus
0.362358161539,0.132132132132,0.0729052294758,332.052083333,Dorm
0.447103139172,0.048632218845,0.0180982567353,328.645833333,Dorm
0.16768274569,1.0,0.666666666667,1.625,Other
10.2382950492,0.105882352941,0.00756260848004,84.0208333333,Campus
10.8821658634,0.0376175548589,0.0011106029921,318.895833333,Campus
8.881784197e-16,0.5,1.0,1.625,Other
3.10149509479,1.0,1.0,0.15625,Other
7.63943029103,0.0224719101124,0.0024581528737,88.9895833333,Campus
11.4691020661,0.0182648401826,0.00377250370087,218.135416667,Dorm
3.83437163975,0.0165289256198,0.00784144765187,241.770833333,Dorm
7.5,1.0,1.0,0.0416666666667,Dorm
9.5,1.0,1.0,0.0104166666667,Dorm
8.80613454844,0.0879120879121,0.00263308528907,90.9895833333,Campus
9.10149509479,1.0,1.0,0.15625,Other
9.63892950857,0.0588235294118,0.00657079097446,84.0208333333,Campus
10.4706273138,0.0470588235294,0.00458545048953,84.0520833333,Campus
11.9281691117,1.0,1.0,0.0729166666667,Dorm
7.63326492181,1.0,1.0,0.15625,Other
3.0,1.0,1.0,0.0416666666667,Dorm
6.56325704669,0.0535714285714,0.0115844544096,167.25,Other
5.5,1.0,1.0,0.0104166666667,Dorm
5.32257671411,1.0,0.842105263158,0.197916666667,Dorm
9.5,1.0,1.0,0.0104166666667,Dorm
6.93690444313,0.0253164556962,0.00728766397244,78.6145833333,Dorm
8.5,0.00865800865801,9.03219979226e-05,230.65625,Other
2.10149509479,1.0,1.0,0.15625,Other
8.92028470203,0.163043478261,0.00857142857143,91.1458333333,Campus
10.8896707879,0.181818181818,0.0118753092528,21.0520833333,Campus
1.55830404397,0.0603448275862,0.00934831460674,231.770833333,Dorm
0.22252992449,0.439516129032,0.293178092556,247.822916667,Dorm
7.6941019237,0.0719178082192,0.0146685270652,291.15625,Other
1.98091406291,0.0131578947368,0.00119102153,227.395833333,Dorm
0.738787206464,1.0,0.541666666667,1.5,Other
3.24542191048,0.0281690140845,0.00401129104145,70.1145833333,Campus
11.5,1.0,1.0,0.0104166666667,Dorm
0.68009508263,0.513944223108,0.313947204323,250.572916667,Dorm
8.58945903424,0.0147058823529,0.000344959754695,271.770833333,Campus
1.95124467711,0.5,0.0705128205128,3.25,Other
8.5,1.0,1.0,0.0104166666667,Dorm
1.83432189298,1.0,0.433333333333,0.625,Other
7.84560429807,0.0377358490566,0.00677155945031,52.3020833333,Campus
11.3224080414,0.120879120879,0.00801373783629,90.9895833333,Campus
1.89850490521,1.0,1.0,0.15625,Other
7.91941823843,0.00888888888889,0.00190485039955,224.208333333,Campus
0.256918404491,0.0194552529183,0.00524475524476,256.208333333,Dorm
2.33116660789,0.222222222222,0.0229746070133,8.61458333333,Campus
10.9616301067,0.231927710843,0.0420294866556,331.364583333,Campus
10.9983062385,0.226086956522,0.0300090661831,114.895833333,Campus
11.5647774655,0.0678733031674,0.00683575334716,220.958333333,Campus
10.5,1.0,1.0,0.0104166666667,Dorm
4.89850490521,1.0,1.0,0.15625,Other
5.10149509479,1.0,1.0,0.15625,Other
7.63326492181,1.0,1.0,0.15625,Other
10.9647624963,0.560975609756,0.138599961713,163.239583333,Campus
11.9881605336,0.144171779141,0.0320381513251,325.458333333,Campus
11.8934416642,0.0598290598291,0.00966291134168,233.927083333,Campus
10.9600159342,0.37984496124,0.0558966074313,128.958333333,Campus
11.6935589543,0.157024793388,0.0302180012951,241.302083333,Campus
5.89850490521,1.0,1.0,0.15625,Other
6.35674336928,0.020202020202,0.000744047619048,98.0,Dorm
0.519863991209,0.733333333333,0.55628511901,164.989583333,Dorm
6.34469675992,0.0666666666667,0.00913604766634,104.895833333,Dorm
6.63326492181,1.0,0.9375,0.166666666667,Dorm
8.01383127069,0.0204081632653,0.000638909594292,97.8229166667,Dorm
8.89850490521,1.0,1.0,0.15625,Other
9.21678057087,0.133333333333,0.012818261633,59.3229166667,Dorm
8.95126252399,0.136363636364,0.00989609104404,21.0520833333,Campus
0.275875703955,0.615853658537,0.603169551935,163.666666667,Dorm
8.55025561316,0.105882352941,0.00743863129184,84.0208333333,Campus
0.818560768757,0.639455782313,0.3751950078,146.895833333,Dorm
7.86029322738,0.162601626016,0.0180980023903,122.020833333,Campus
11.3299362317,0.15,0.00629260618773,19.8645833333,Campus
1.5,1.0,1.0,0.0104166666667,Dorm
7.74892447748,1.0,1.0,0.0416666666667,Dorm
8.88463469668,0.025641025641,0.000934953920128,77.9895833333,Campus
11.2624126508,0.666666666667,0.0386473429952,2.15625,Other
7.87738662635,0.0604982206406,0.00639524075107,280.15625,Other
9.71417551853,0.0186046511628,0.00330755386935,214.15625,Other
4.13130128855,1.0,1.0,0.197916666667,Dorm
8.63326492181,1.0,1.0,0.15625,Other
0.773573852832,0.570570570571,0.434236884938,332.791666667,Dorm
9.29254523124,0.163043478261,0.0372188606005,91.2395833333,Campus
11.6047926897,0.0704225352113,0.00964821137005,70.1770833333,Campus
10.6673359059,0.363363363363,0.0607248103329,332.270833333,Campus
11.5,0.4,0.00498753117207,4.17708333333,Dorm
4.38109989566,1.0,1.0,0.364583333333,Dorm
6.92816911169,1.0,1.0,0.0729166666667,Dorm
8.0,0.0909090909091,0.00144369586141,21.6458333333,Campus
10.0,0.027027027027,0.000282965478212,73.625,Other
5.24892447748,0.00793650793651,0.00132280600223,251.989583333,Campus
1.21058389206,0.0164835164835,0.00412205873934,181.947916667,Dorm
7.5,1.0,1.0,0.0104166666667,Dorm
11.6175143994,0.05,0.00185774946921,39.25,Other
10.0837932318,0.181818181818,0.0276923076923,10.15625,Other
7.49292870984,1.0,0.244755244755,1.48958333333,Dorm
7.89850490521,1.0,1.0,0.15625,Other
0.548811127203,0.508771929825,0.322651933702,56.5625,Other
7.61178707357,0.181818181818,0.0261083743842,21.1458333333,Campus
10.1044205465,0.303303303303,0.0473831101634,332.177083333,Campus
10.5,1.0,1.0,0.0104166666667,Dorm
6.94971535521,0.139534883721,0.00990834778301,42.0520833333,Campus
10.6882208739,0.0340909090909,0.00153906866614,263.958333333,Campus
1.00640544999,0.424148606811,0.385561618184,322.635416667,Dorm
0.449027139629,0.144,0.113896548843,124.65625,Other
7.37648464216,0.142857142857,0.00795228628231,20.9583333333,Dorm
6.86074432257,0.0120481927711,0.00308875441251,165.25,Other
7.01727054015,0.0590277777778,0.00413597939266,287.114583333,Campus
0.970148713124,1.0,0.809523809524,0.65625,Other
8.23282174082,0.130434782609,0.00376116596145,22.15625,Other
5.19321905536,0.114285714286,0.00120228434025,34.65625,Other
0.948242640485,0.616766467066,0.490609081534,333.322916667,Dorm
9.15073401877,0.0430622009569,0.00275344180225,208.072916667,Dorm
9.12368921071,0.0441767068273,0.00280934211078,248.427083333,Campus
11.2507086663,0.426229508197,0.0249440908309,60.5520833333,Campus
0.247844092323,0.653846153846,0.584695792013,77.7291666667,Dorm
0.221469322046,0.583832335329,0.43087701739,333.041666667,Dorm
5.60350371414,0.0946372239748,0.00744670335102,316.135416667,Dorm
5.12755572824,1.0,0.863636363636,0.229166666667,Dorm
2.5,1.0,1.0,0.5,Other
6.89850490521,1.0,1.0,0.15625,Other
6.81866977167,1.0,0.519480519481,0.802083333333,Dorm
9.38536523283,0.252279635258,0.0404964696197,328.989583333,Campus
8.70854848635,0.018691588785,0.00510254145815,106.15625,Other
7.91570542477,1.0,0.8,0.15625,Other
0.607330030903,1.0,1.0,0.197916666667,Dorm
7.63254860618,0.0152671755725,0.000798212005109,130.5,Other
9.0,0.0833333333333,0.000868432479375,23.9895833333,Campus
10.5,1.0,1.0,0.0104166666667,Dorm
9.92474018014,0.280757097792,0.0447775947282,316.145833333,Campus
7.58817493993,0.0909090909091,0.00602409638554,32.8541666667,Dorm
8.63326492181,1.0,1.0,0.15625,Other
8.60298752575,0.0460122699387,0.00381239187544,325.145833333,Campus
9.52437631598,0.030303030303,0.00503339770173,329.052083333,Campus
8.11642860109,1.0,1.0,0.135416666667,Dorm
8.0,0.666666666667,0.0289855072464,2.15625,Other
8.0903300768,0.120743034056,0.0425518155657,322.15625,Other
7.5,1.0,1.0,0.104166666667,Dorm
0.056730071602,1.0,0.9,0.104166666667,Dorm
2.21691884997,1.0,0.943396226415,1.65625,Other
2.78006130054,1.0,0.266666666667,0.15625,Other
9.63944594994,0.151785714286,0.0121849130313,111.989583333,Campus
10.663447674,0.0666666666667,0.00246522275048,59.15625,Other
6.86348746345,1.0,1.0,0.114583333333,Dorm
6.10149509479,1.0,1.0,0.15625,Other
10.0931404559,0.159851301115,0.0223160667932,268.864583333,Campus
11.4443711366,0.06,0.00360551431601,49.1145833333,Campus
1.5727284419,0.0909090909091,0.0035621761658,32.1666666667,Dorm
5.36673507819,1.0,1.0,0.15625,Other
7.10149509479,1.0,1.0,0.15625,Other
8.55413388321,0.129411764706,0.0152321981424,84.1145833333,Campus
10.4839458289,0.0185873605948,0.00372035343358,268.791666667,Dorm
6.86531076731,0.0869565217391,0.0147329650092,22.625,Other
3.10149509479,1.0,1.0,0.15625,Other
6.909476843,0.0491803278689,0.00274725274725,60.6666666667,Dorm
2.63326492181,1.0,1.0,0.15625,Other
0.695802154266,0.134545454545,0.113141730492,274.729166667,Dorm
5.11764230551,1.0,0.55,0.625,Other
6.0,0.0408163265306,0.00599700149925,48.6354166667,Dorm
11.257987127,0.112554112554,0.0225842950894,230.15625,Other
9.49391813195,0.242105263158,0.0305975919585,94.3020833333,Campus
10.6490406878,0.0166666666667,0.000304294905234,239.625,Other
4.21672606656,0.0379746835443,0.000932960149274,78.15625,Other
6.41711779961,0.0877192982456,0.00650799553737,56.0208333333,Campus
1.70806358796,0.564954682779,0.454969433415,330.5625,Other
9.04715521619,0.247734138973,0.028330756854,330.177083333,Campus
10.832482315,0.0645161290323,0.00103986135182,30.0520833333,Campus
0.269293575888,0.376470588235,0.484085043628,339.041666667,Dorm
2.7062834311,0.247863247863,0.165432979577,116.802083333,Dorm
5.74892447748,1.0,1.0,0.0416666666667,Dorm
8.59933172992,0.0378378378378,0.00316670436553,184.208333333,Campus
1.1442169141,1.0,1.0,0.177083333333,Dorm
5.36673507819,1.0,1.0,0.15625,Other
0.462645718074,0.507507507508,0.309845922585,332.625,Other
7.74002223321,0.020618556701,0.00129094723253,193.65625,Other
10.8123083284,0.213375796178,0.0165377079667,313.677083333,Campus
10.2302135209,0.0434782608696,0.000680272108844,321.5625,Other
5.74705114484,0.015625,0.0020414829332,127.5625,Other
11.5,0.0714285714286,0.00152245622938,41.0520833333,Campus
8.3649458002,0.0714285714286,0.00706910985025,111.989583333,Campus
1.03047719381,0.585585585586,0.513123277374,332.583333333,Dorm
2.61890010434,1.0,1.0,0.177083333333,Dorm
5.54576066097,0.038961038961,0.00501984194281,307.114583333,Dorm
8.49026035504,0.0542372881356,0.00393212653654,294.052083333,Campus
10.533441715,0.0535714285714,0.00139834063578,111.739583333,Campus
11.6884253241,0.116279069767,0.00791491466733,42.1145833333,Campus
1.63326492181,1.0,1.0,0.15625,Other
8.10149509479,1.0,1.0,0.15625,Other
2.10149509479,1.0,1.0,0.15625,Other
5.89850490521,1.0,1.0,0.15625,Other
7.9628175755,0.0697674418605,0.00644042605895,42.0520833333,Campus
6.92816911169,1.0,1.0,0.0729166666667,Dorm
10.6803457359,0.120879120879,0.00870062965083,90.9895833333,Campus
11.910517671,1.0,0.666666666667,0.15625,Other
9.92452693116,0.404255319149,0.0736631905924,93.8958333333,Campus
1.1636733809,1.0,0.545454545455,0.114583333333,Dorm
8.1835451025,0.0555555555556,0.00978938000593,35.1145833333,Dorm
9.6530330968,0.727272727273,0.0564102564103,10.15625,Other
0.950245585726,0.294294294294,0.332436322674,332.895833333,Dorm
1.707027095,0.569696969697,0.608085025622,164.65625,Other
9.78121261301,0.297520661157,0.03458685527,120.770833333,Campus
10.4086677596,0.136645962733,0.00537147294849,160.958333333,Campus
10.5,1.0,1.0,0.0104166666667,Dorm
3.36673507819,1.0,1.0,0.15625,Other
6.0,1.0,1.0,0.229166666667,Dorm
4.86449398987,0.00778210116732,0.00191095751169,256.197916667,Dorm
8.25241670088,0.0124223602484,0.000875599948113,321.208333333,Dorm
10.9685639338,1.0,0.913043478261,0.239583333333,Dorm
0.584531116774,0.585585585586,0.424307904297,332.625,Other
6.36673507819,1.0,1.0,0.15625,Other
5.89716342017,0.0726072607261,0.01062215478,302.041666667,Dorm
6.86869871145,1.0,1.0,0.197916666667,Dorm
6.83037474947,0.0268456375839,0.00473235881796,297.15625,Other
11.7489244775,0.0909090909091,0.00395843641762,21.0520833333,Campus
1.82032464884,0.5,0.833333333333,1.5,Other
2.13102851918,1.0,1.0,0.65625,Other
9.3773271128,0.106617647059,0.0236681858221,271.989583333,Campus
11.5863144833,0.305263157895,0.0540660314647,94.0208333333,Campus
10.4447463632,0.666666666667,0.323671497585,2.15625,Other
11.8848695141,1.0,0.387387387387,1.15625,Other
9.8912964096,0.0965517241379,0.00248487467589,289.25,Other
3.89850490521,1.0,1.0,0.15625,Other
6.78982865649,0.6,0.0472972972973,4.625,Other
7.87377996399,1.0,1.0,0.447916666667,Dorm
0.0882401914109,1.0,0.679487179487,1.625,Other
8.07183088831,1.0,1.0,0.0729166666667,Dorm
8.33425426364,0.0788643533123,0.0111989459816,316.25,Other
9.74129427934,0.271739130435,0.0318966502801,91.1145833333,Campus
1.76344783259,0.442771084337,0.460997803577,331.979166667,Dorm
8.5,1.0,1.0,0.0104166666667,Dorm
8.88813801234,1.0,0.230366492147,1.98958333333,Campus
1.25031716065,0.0361445783133,0.00481805502726,82.15625,Other
6.52837054845,1.0,0.342857142857,0.364583333333,Dorm
3.5,1.0,1.0,0.416666666667,Dorm
4.48342966102,0.0164835164835,0.000802936453315,181.625,Other
7.5,1.0,1.0,0.0416666666667,Dorm
5.36673507819,1.0,1.0,0.15625,Other
7.54627571027,0.0111731843575,0.00245441795231,178.25,Other
9.10055186657,0.0909090909091,0.00247402276101,21.0520833333,Campus
5.37009990971,0.133333333333,0.0220750551876,14.15625,Other
3.5,1.0,1.0,0.0104166666667,Dorm
8.75107552252,1.0,1.0,0.166666666667,Dorm
6.63326492181,1.0,1.0,0.15625,Other
2.46914011831,1.0,0.838709677419,0.322916666667,Dorm
5.66951735341,0.0441176470588,0.00450590428838,67.0416666667,Dorm
7.06895014002,0.0434782608696,0.00161625490649,45.1145833333,Dorm
6.38600498776,0.041095890411,0.00417326233991,72.3854166667,Dorm
5.5,1.0,0.933333333333,0.15625,Other
6.69121993625,0.020618556701,0.00335970521296,96.1145833333,Dorm
6.6073300309,1.0,1.0,0.197916666667,Dorm
9.78230234167,0.148936170213,0.0154153266053,93.9270833333,Campus
0.760312240432,1.0,0.540935672515,3.5625,Other
6.53910584212,0.0208333333333,0.00159976730657,143.25,Other
10.7456430017,0.187311178248,0.0354688189671,330.395833333,Campus
0.454957278046,0.111111111111,0.0267018779343,35.5,Other
7.13383887345,0.172413793103,0.00740192450037,28.1458333333,Dorm
8.87432649193,0.25,0.0118168389956,7.05208333333,Campus
10.7947768697,0.241379310345,0.0335177468027,289.958333333,Campus
11.5046293649,0.0529801324503,0.00764282750035,301.208333333,Campus
11.3162624546,0.294117647059,0.0182332599811,33.1354166667,Dorm
2.10149509479,1.0,1.0,0.15625,Other
6.36673507819,1.0,1.0,0.15625,Other
4.36673507819,1.0,1.0,0.15625,Other
2.51329936446,1.0,0.1875,0.5,Other
11.5,1.0,1.0,0.0104166666667,Dorm
0.267031283722,0.277372262774,0.493489682479,136.802083333,Dorm
8.91127322651,0.2,0.0126019273536,14.0520833333,Campus
10.8708543115,0.0614886731392,0.0140849827738,308.395833333,Campus
1.21198028853,0.00913242009132,0.0104405034325,218.5,Other
4.26439050455,0.0101694915254,0.000671852899576,294.583333333,Dorm
10.7734694964,0.230303030303,0.0296713377408,329.302083333,Campus
10.8542198649,0.0454545454545,0.00570749108205,43.8020833333,Campus
10.2672036167,0.016393442623,0.000768967874231,121.916666667,Dorm
5.63326492181,1.0,1.0,0.15625,Other
7.0,1.0,1.0,0.0416666666667,Dorm
9.41142154165,0.148148148148,0.00716275368086,26.1770833333,Campus
5.59892200797,1.0,0.6,0.15625,Other
8.61188019144,1.0,0.533333333333,0.15625,Other
9.2100022373,0.130434782609,0.0203117189985,229.239583333,Campus
11.5583680917,0.101214574899,0.00333263024678,246.927083333,Campus
11.7303136256,0.0387596899225,0.00336277449153,257.104166667,Dorm
6.87590230232,0.0236966824645,0.00113838843793,210.458333333,Campus
0.868971480817,1.0,1.0,0.65625,Other
6.10149509479,1.0,1.0,0.15625,Other
8.8677172521,0.14,0.00403739906502,49.0208333333,Campus
11.8989609529,0.0729613733906,0.0110398061302,232.114583333,Campus
11.8834839281,0.0653846153846,0.00100248616569,259.770833333,Campus
5.69571229947,0.03125,0.00518376687059,223.052083333,Dorm
6.93416424304,0.0133333333333,0.00125075276787,224.864583333,Dorm
3.62406194757,0.0555555555556,0.00237741456166,35.0520833333,Dorm
7.46759468858,0.141176470588,0.0166067666377,84.0520833333,Campus
10.9160663199,0.129411764706,0.00834048816387,84.9270833333,Campus
10.9653493445,0.145454545455,0.0246670894103,164.270833333,Campus
11.6332649218,1.0,1.0,0.15625,Other
7.41167000421,1.0,0.0188679245283,1.65625,Other
1.5275432435,0.523952095808,0.519699050949,333.666666667,Dorm
8.51487268746,0.0655737704918,0.000865950813994,60.1458333333,Campus
11.8883203622,1.0,0.0884955752212,1.17708333333,Campus
1.22076764602,0.625,0.36626344086,15.5,Other
7.60149509479,0.0227272727273,0.00358551452133,87.15625,Other
11.5177393993,0.06,0.00169204737733,49.25,Other
9.91793241172,0.0512820512821,0.0179738562092,38.25,Other
0.183197139341,0.513307984791,0.28452546067,262.864583333,Dorm
8.9840463176,0.0917721518987,0.00839641664738,315.114583333,Campus
1.85919237186,0.225,0.0283538986611,39.6770833333,Dorm
3.3724048043,0.0215384615385,0.00051392413195,324.302083333,Dorm
3.57291236909,0.135593220339,0.0329571914741,58.15625,Other
5.03237650585,0.276497695853,0.0877833269305,216.916666667,Dorm
8.60897422011,0.145762711864,0.0125336354624,294.208333333,Campus
11.2258452583,0.0340909090909,0.00219936991024,175.239583333,Campus
0.907711542991,1.0,0.754985754986,3.65625,Other
6.33555091256,0.013698630137,0.00104916781916,218.427083333,Campus
10.1181610412,0.266666666667,0.0632818248712,14.15625,Other
5.63326492181,1.0,1.0,0.15625,Other
3.56828960762,0.0167597765363,0.00378765806188,178.760416667,Dorm
4.39874647297,0.0322580645161,0.00203045685279,61.5625,Other
7.10149509479,1.0,1.0,0.15625,Other
9.13708897238,0.0697674418605,0.00272682201289,42.0208333333,Campus
10.8694038659,0.142857142857,0.0174371582932,321.989583333,Campus
6.30937411642,0.0701754385965,0.00390479732242,56.0208333333,Campus
10.783028233,0.172413793103,0.0144497962208,28.1145833333,Campus
10.0,0.0540540540541,0.000576202823394,36.15625,Other
9.36673507819,1.0,1.0,0.15625,Other
5.61890010434,1.0,1.0,0.177083333333,Dorm
10.829618929,0.208,0.0163346945579,124.989583333,Campus
0.410636037347,0.32967032967,0.190153775534,90.7708333333,Dorm
8.35529086131,0.0483870967742,0.00118004045853,61.7916666667,Dorm
9.5,1.0,1.0,0.0104166666667,Dorm
8.62364366038,0.3671875,0.0381241288842,127.052083333,Campus
6.09365444882,0.056338028169,0.00385928454802,70.1770833333,Campus
10.802645941,0.0380228136882,0.00463476469656,262.958333333,Campus
0.340518229862,1.0,0.647798742138,1.65625,Other
11.1315075208,0.0689655172414,0.00703964431271,28.1145833333,Campus
1.46278222251,0.85,0.618441971383,19.65625,Other
9.28669014124,0.1875,0.00459921156373,15.8541666667,Dorm
9.32359551141,0.0868055555556,0.00569521529365,287.15625,Other
4.79424431357,0.010752688172,0.00207888526801,185.395833333,Campus
11.3245203439,0.285714285714,0.005,6.25,Other
7.89850490521,1.0,1.0,0.15625,Other
6.63326492181,1.0,1.0,0.15625,Other
11.0169104058,0.0189873417722,0.00072789835892,157.416666667,Dorm
7.65592186918,0.00854700854701,0.000223383818076,233.15625,Other
7.90551357742,0.0617760617761,0.00547063555913,258.958333333,Campus
11.0,0.0769230769231,0.000825082508251,25.25,Other
7.17274293911,0.00892857142857,0.000418604651163,223.958333333,Campus
10.7151060799,0.263157894737,0.0420268352471,322.958333333,Campus
10.8835713989,1.0,1.0,0.135416666667,Dorm
7.0,1.0,1.0,0.0416666666667,Dorm
4.61463567425,0.0714285714286,0.00612792033704,27.1979166667,Dorm
8.79314486048,0.222797927461,0.0336811374818,192.677083333,Campus
10.5,0.137931034483,0.00371747211896,28.0208333333,Campus
10.6318928493,0.237113402062,0.0344028039903,193.177083333,Campus
1.56774532593,0.12380952381,0.0380342308077,104.072916667,Dorm
7.11721618016,0.0361445783133,0.00456736868815,82.1041666667,Dorm
6.10149509479,1.0,1.0,0.15625,Other
9.20422342962,1.0,0.247933884298,1.26041666667,Dorm
9.36198352388,0.0426829268293,0.00343620744512,163.697916667,Dorm
1.56334269287,0.413793103448,0.221234479035,289.427083333,Dorm
2.88054513122,1.0,0.166666666667,1.25,Other
9.42088109492,1.0,0.866666666667,0.15625,Other
8.58129659107,0.0234741784038,0.00240419999019,212.302083333,Campus
1.35373261653,0.375,0.211304347826,119.791666667,Dorm
7.58545809131,0.0363636363636,0.00480861704174,54.15625,Other
6.42035294571,0.0538461538462,0.0038131171229,259.520833333,Campus
10.7267428076,0.0820895522388,0.00911889637972,267.302083333,Campus
5.36479683298,0.0425531914894,0.00368180296776,93.3645833333,Dorm
6.90604419991,1.0,0.882352941176,0.177083333333,Dorm
7.50654000156,0.0909090909091,0.0108857001484,21.0520833333,Campus
10.7603462056,0.261682242991,0.0449460255152,106.145833333,Campus
10.6754796561,0.0322580645161,0.000510204081633,61.25,Other
6.4863475475,0.0869565217391,0.00636797816693,45.8020833333,Campus
9.59748962936,0.0769230769231,0.00613002097112,129.145833333,Campus
10.8922388898,0.020325203252,0.0021640429414,245.489583333,Campus
11.5632057924,0.5,0.00877192982456,3.5625,Other
3.10149509479,1.0,1.0,0.15625,Other
9.63326492181,1.0,1.0,0.15625,Other
3.92816911169,1.0,1.0,0.0729166666667,Dorm
0.298337667776,1.0,0.909090909091,0.114583333333,Dorm
6.0,1.0,0.133333333333,0.15625,Other
10.2103263805,0.1,0.0103854955114,59.1770833333,Campus
10.0923490408,0.0588235294118,0.0122525918944,33.15625,Other
7.43679420762,0.0540540540541,0.00170697012802,36.6145833333,Campus
11.0080234599,0.103571428571,0.0160774097507,279.895833333,Campus
8.89850490521,1.0,1.0,0.15625,Other
7.30796594599,0.0555555555556,0.00146070698218,35.65625,Other
7.92931334195,0.09375,0.013616738625,31.3645833333,Campus
10.9395644943,0.0735785953177,0.0110742358079,298.177083333,Campus
11.7289965882,0.00858369098712,0.0001345532831,232.25,Other
11.0,1.0,1.0,0.5625,Other
3.12285801168,0.00512820512821,0.998714652956,194.5,Other
11.6321486126,0.13025210084,0.0110736639384,237.989583333,Campus
10.7091954499,0.210526315789,0.0245956126745,94.0208333333,Campus
1.07523410005,0.339743589744,0.250935078814,155.958333333,Dorm
10.1694734121,1.0,0.8,0.15625,Other
11.445244949,0.5,0.0989010989011,3.79166666667,Dorm
6.96527057486,0.137931034483,0.0229205175601,28.1770833333,Campus
10.5,1.0,1.0,0.0104166666667,Dorm
6.94368589762,0.172413793103,0.0259355316784,28.1145833333,Campus
1.10149509479,1.0,1.0,0.15625,Other
6.18721100034,0.125,0.0251872021784,15.3020833333,Campus
1.8839638309,0.00826446280992,0.000603266255871,241.739583333,Dorm
11.5,1.0,1.0,0.166666666667,Dorm
7.95845462972,0.230769230769,0.0275579809004,38.1770833333,Campus
1.78625705832,0.733333333333,0.615082201573,29.1458333333,Dorm
2.15813567477,0.0188679245283,0.00170447095844,158.895833333,Dorm
6.43700280523,0.0748898678414,0.0107274401473,226.25,Other
2.81882663186,1.0,0.333333333333,0.5625,Other
7.08862288565,0.0151515151515,0.000738318742749,197.520833333,Campus
10.5,1.0,1.0,0.0104166666667,Dorm
0.787920420505,0.232558139535,0.130580357143,214.666666667,Dorm
8.5,1.0,1.0,0.0104166666667,Dorm
9.25107552252,1.0,1.0,0.0416666666667,Dorm
7.09171443674,0.0396825396825,0.00307666722102,125.270833333,Dorm
10.2752449352,1.0,0.0722891566265,0.864583333333,Dorm
0.41047933998,0.454545454545,0.441860465116,21.5,Other
7.4073018664,0.127272727273,0.009378552482,109.958333333,Campus
1.23573685326,0.727272727273,0.916984732824,10.9166666667,Dorm
1.69121993625,1.0,0.698412698413,0.65625,Other
5.85606704058,0.0328947368421,0.00219313275307,151.989583333,Dorm
3.5,1.0,0.7,0.104166666667,Dorm
0.483129508616,0.0294117647059,0.013413506013,67.5625,Other
3.36673507819,1.0,1.0,0.302083333333,Dorm
8.10149509479,1.0,1.0,0.15625,Other
8.89850490521,1.0,1.0,0.15625,Other
9.72490201731,1.0,0.533333333333,0.15625,Other
2.17082880039,0.375,0.199880952381,87.5,Other
10.4617551544,0.116883116883,0.00421969645409,153.052083333,Campus
11.1024572496,0.140845070423,0.0148434021078,70.1770833333,Campus
10.8480800323,0.241379310345,0.0232902033272,28.1770833333,Campus
10.3211262809,0.272727272727,0.0218037661051,21.0208333333,Campus
1.08145790132,0.253521126761,0.193941470099,212.854166667,Dorm
6.96100365372,0.093137254902,0.00317281613019,203.552083333,Campus
1.09125918364,0.196721311475,0.144314868805,121.479166667,Dorm
1.26937796436,0.315789473684,0.271871539313,37.625,Other
6.75107552252,0.0689655172414,0.0118343195266,28.1666666667,Dorm
1.11831604953,0.239263803681,0.130718536055,162.802083333,Dorm
5.5,1.0,1.0,0.0104166666667,Dorm
9.21100021689,1.0,0.9375,0.5,Other
7.0,1.0,1.0,0.5,Other
5.9904278661,0.666666666667,0.060120240481,5.19791666667,Dorm
2.38401460029,0.29347826087,0.0976580263756,183.25,Other
4.33651338484,0.0795454545455,0.00273321449792,87.65625,Other
10.6754796561,1.0,0.113924050633,0.822916666667,Dorm
8.5,1.0,1.0,0.0104166666667,Dorm
0.887153289191,0.0833333333333,0.0114229386524,179.645833333,Campus
1.40678718066,0.030303030303,0.00381962864721,98.1770833333,Campus
0.777146991401,0.416216216216,0.346740481302,184.395833333,Dorm
6.92816911169,1.0,1.0,0.0729166666667,Dorm
0.382148914457,0.247311827957,0.388037928519,185.65625,Other
10.1365125365,1.0,1.0,0.114583333333,Dorm
4.53230925828,0.0149253731343,0.00335544284042,133.489583333,Campus
0.675032541209,0.0240963855422,0.000757241118193,165.072916667,Dorm
1.15572914461,0.325842696629,0.439734632772,177.427083333,Dorm
6.28757318899,0.242105263158,0.0182744489977,94.0520833333,Campus
11.0240795603,1.0,0.4,0.15625,Other
6.5,0.0444444444444,0.00046685340803,44.625,Other
4.36673507819,1.0,1.0,0.15625,Other
10.0,0.5,0.00682593856655,3.05208333333,Campus
11.9858259282,0.336956521739,0.0387428571429,91.1458333333,Campus
5.63326492181,1.0,1.0,0.15625,Other
9.30231782625,0.6,0.0509259259259,4.5,Other
7.05064824063,0.0408163265306,0.00474956822107,48.25,Other
5.10149509479,1.0,1.0,0.15625,Other
